problem_type,function,dim,selection,pc,pm,agents,runs,mean_best,std_best,min_best,max_best,mean_time
continuous_ga_variants,rastrigin,2,tournament,0.6,0.01,10,20,3.759683927952575,3.3092231250719295,0.1256155796463716,13.10259619463724,0.11126516624935903
continuous_ga_variants,rastrigin,2,tournament,0.6,0.01,20,20,2.202754570944022,2.0287176596746646,0.00011826553453175848,8.95460124883126,0.21126410525030223
continuous_ga_variants,rastrigin,2,tournament,0.6,0.01,50,20,0.45014274668315135,0.5882704426663246,0.0,2.0104648841402444,0.42733131345012226
continuous_ga_variants,rastrigin,2,tournament,0.6,0.01,100,20,0.1497584044043684,0.3550969467436119,0.0,0.9952302824486523,0.49362496774992903
continuous_ga_variants,rastrigin,2,tournament,0.6,0.05,10,20,3.6887325878282597,3.315751969727151,0.9949596736313353,12.935449519305655,0.05612710405039252
continuous_ga_variants,rastrigin,2,tournament,0.6,0.05,20,20,2.090923535773755,1.987970711760628,0.00039052040843756686,8.957882006928662,0.08064452279941178
continuous_ga_variants,rastrigin,2,tournament,0.6,0.05,50,20,0.7463794459869473,0.9887563342907916,5.91998983168196e-09,3.9798452516528613,0.20855987059985637
continuous_ga_variants,rastrigin,2,tournament,0.6,0.05,100,20,0.24874552234362107,0.430834277166183,0.0,0.995016204575851,0.41408132190044855
continuous_ga_variants,rastrigin,2,tournament,0.6,0.1,10,20,2.687542793074781,2.7449946355350927,0.00022449680231773073,12.936206151167028,0.046114695298456354
continuous_ga_variants,rastrigin,2,tournament,0.6,0.1,20,20,2.785921812338516,2.7357193452353754,2.013230471220595e-09,9.949839852742484,0.09364950369854341
continuous_ga_variants,rastrigin,2,tournament,0.6,0.1,50,20,0.646731153774432,0.5693844823152991,6.993161605350906e-11,1.9899190817296386,0.22585249889816622
continuous_ga_variants,rastrigin,2,tournament,0.6,0.1,100,20,0.1989923873445088,0.39798334540426344,0.0,0.9949590872227034,0.39296500100026605
continuous_ga_variants,rastrigin,2,tournament,0.8,0.01,10,20,4.200188554969164,3.243474809542325,0.995508787156492,12.942653052634649,0.03980243080077343
continuous_ga_variants,rastrigin,2,tournament,0.8,0.01,20,20,2.011603876825407,1.4764341726151944,0.007646220701040818,5.013774131590024,0.07743034544910188
continuous_ga_variants,rastrigin,2,tournament,0.8,0.01,50,20,0.5992526623992571,0.5811646263878282,1.1866063687193673e-12,1.9919689177264033,0.18947081410005923
continuous_ga_variants,rastrigin,2,tournament,0.8,0.01,100,20,0.24879081317567647,0.5335271129686315,0.0,1.9899181141865796,0.35295728520068226
continuous_ga_variants,rastrigin,2,tournament,0.8,0.05,10,20,3.3379848504223943,1.9217067903122835,0.9950210060034621,7.968031655210906,0.04284126500060666
continuous_ga_variants,rastrigin,2,tournament,0.8,0.05,20,20,1.7417060225494443,1.402652376871089,1.762831902851758e-05,4.974802585088813,0.0807544447510736
continuous_ga_variants,rastrigin,2,tournament,0.8,0.05,50,20,0.44783559346289953,0.6656008820691827,1.1146440215270559e-08,1.9900469892930985,0.18429593059918262
continuous_ga_variants,rastrigin,2,tournament,0.8,0.05,100,20,0.14925186117775624,0.35526809001272514,0.0,0.9949591042120858,0.3939505832036957
continuous_ga_variants,rastrigin,2,tournament,0.8,0.1,10,20,3.284873670387403,1.5457821465577681,0.9950194545338107,4.995959924040356,0.04075278635064024
continuous_ga_variants,rastrigin,2,tournament,0.8,0.1,20,20,2.089484867804699,2.7590798164902837,2.2761986933517164e-05,12.934468976861114,0.078873668002052
continuous_ga_variants,rastrigin,2,tournament,0.8,0.1,50,20,0.5969882094182033,0.5801641456082728,7.602807272633072e-13,1.9899181141865796,0.2052866367477691
continuous_ga_variants,rastrigin,2,tournament,0.8,0.1,100,20,0.19899337454433433,0.39798296957509177,5.979217121421243e-12,0.9949599823765638,0.4031710976989416
continuous_ga_variants,rastrigin,2,tournament,1.0,0.01,10,20,2.831676979796434,3.075011985084069,0.04998104236145906,13.17845572686576,0.04276893505084445
continuous_ga_variants,rastrigin,2,tournament,1.0,0.01,20,20,1.4344792941734887,1.2957402845611574,8.746781077206833e-12,5.123858708032316,0.09832159284997033
continuous_ga_variants,rastrigin,2,tournament,1.0,0.01,50,20,0.3523738461208007,0.4730092128538694,0.0,1.006053773700664,0.2546676693003974
continuous_ga_variants,rastrigin,2,tournament,1.0,0.01,100,20,0.2857809538456927,0.42920945974488256,0.0,0.9950265989737161,0.36412007655017076
continuous_ga_variants,rastrigin,2,tournament,1.0,0.05,10,20,3.187273929237682,2.679485389307876,0.9949609775290043,12.936448008021593,0.04559385149987065
continuous_ga_variants,rastrigin,2,tournament,1.0,0.05,20,20,1.6917147143600917,1.44517791331993,0.0,4.97480262424409,0.08513626614949317
continuous_ga_variants,rastrigin,2,tournament,1.0,0.05,50,20,0.5969962628342191,0.5801592126336161,1.3523937525405927e-09,1.9899661363687997,0.19671105190136587
continuous_ga_variants,rastrigin,2,tournament,1.0,0.05,100,20,0.27004094451343635,0.42699957786007486,0.0,1.3843067882237392,0.3616997623001225
continuous_ga_variants,rastrigin,2,tournament,1.0,0.1,10,20,3.5822336130214993,2.9075576495398248,0.0002346723010262508,12.9344548863924,0.043024876849085555
continuous_ga_variants,rastrigin,2,tournament,1.0,0.1,20,20,1.5920213785621915,1.4891668173248926,3.023412631364408e-08,4.975138797353637,0.08645552240050165
continuous_ga_variants,rastrigin,2,tournament,1.0,0.1,50,20,0.34824459861883383,0.5693951988518328,4.924061158817494e-12,1.9899181178880063,0.20762717894904198
continuous_ga_variants,rastrigin,2,tournament,1.0,0.1,100,20,0.08721328789820895,0.2279487744757784,0.0,0.9949590572665699,0.4209958244486188
continuous_ga_variants,rastrigin,2,roulette,0.6,0.01,10,20,3.9070565600554295,2.657597946338209,0.9955666811571149,10.987488582879012,0.06507044400059385
continuous_ga_variants,rastrigin,2,roulette,0.6,0.01,20,20,1.6516632743080777,2.136429226596211,0.0002341429610979162,8.958014116012288,0.12522875835056765
continuous_ga_variants,rastrigin,2,roulette,0.6,0.01,50,20,0.94620152629071,0.6660300331015939,2.2356947500412616e-05,1.9950173523419608,0.2658522425510455
continuous_ga_variants,rastrigin,2,roulette,0.6,0.01,100,20,0.47383425579156474,0.6958948465937023,5.351613467041716e-06,1.9914172337859277,0.5893625664990395
continuous_ga_variants,rastrigin,2,roulette,0.6,0.05,10,20,3.582354539683853,2.4851469228632204,0.00013787788608610185,7.959694067944113,0.0637047996504407
continuous_ga_variants,rastrigin,2,roulette,0.6,0.05,20,20,1.5422706125477454,1.1550623514392595,9.114486232419949e-07,3.9808473154076083,0.13752307089962415
continuous_ga_variants,rastrigin,2,roulette,0.6,0.05,50,20,0.646741319669775,0.4745508422994681,3.5721633935281716e-06,0.995011797155037,0.30920245609886476
continuous_ga_variants,rastrigin,2,roulette,0.6,0.05,100,20,0.5472337835286123,0.49498063331848113,3.091398674825996e-07,0.9949646629923024,0.5338361919006275
continuous_ga_variants,rastrigin,2,roulette,0.6,0.1,10,20,4.527561936760252,3.0586693088143693,0.9949684781326624,12.934446414560218,0.061986053151485976
continuous_ga_variants,rastrigin,2,roulette,0.6,0.1,20,20,1.7412114369601603,1.2536427930123482,1.013813297845445e-05,4.974874464911629,0.12303287294998881
continuous_ga_variants,rastrigin,2,roulette,0.6,0.1,50,20,0.7462258382146159,0.6193552907002684,1.6135891556245952e-07,1.989930566626171,0.2872744126994803
continuous_ga_variants,rastrigin,2,roulette,0.6,0.1,100,20,0.5969808097790249,0.6599818268138633,3.566142936506367e-10,1.9899395108006672,0.5161440310475882
continuous_ga_variants,rastrigin,2,roulette,0.8,0.01,10,20,3.465149625182309,3.263415152770868,0.00014870121246701729,13.758975037835071,0.059219983052753375
continuous_ga_variants,rastrigin,2,roulette,0.8,0.01,20,20,1.586489320329664,1.4771018925912898,0.00017901958236166138,5.188369238105931,0.11710317205142928
continuous_ga_variants,rastrigin,2,roulette,0.8,0.01,50,20,0.6482666276399481,0.7221671104890247,1.4729925368328622e-07,1.9922772785490253,0.2582847896992462
continuous_ga_variants,rastrigin,2,roulette,0.8,0.01,100,20,0.39909567260705836,0.580991486501598,1.5403298547767008e-07,1.990164892944616,0.44807463029865174
continuous_ga_variants,rastrigin,2,roulette,0.8,0.05,10,20,2.7364406281561324,3.0157400424337206,5.907156904072508e-06,12.934439104003928,0.05845405194922933
continuous_ga_variants,rastrigin,2,roulette,0.8,0.05,20,20,1.194033315168761,0.9749356222004545,2.2888532512865822e-05,3.9806075908125784,0.11274128000222845
continuous_ga_variants,rastrigin,2,roulette,0.8,0.05,50,20,0.5972604591252084,0.5798814297071541,3.4306779639337037e-09,1.989926117665135,0.27522319739873635
continuous_ga_variants,rastrigin,2,roulette,0.8,0.05,100,20,0.39800008240573864,0.5801448520572458,7.360164033798355e-09,1.9899195013898137,0.542526962402917
continuous_ga_variants,rastrigin,2,roulette,0.8,0.1,10,20,2.935204940897922,1.9516357585447466,0.9949596832285152,7.959855711560694,0.0653712256498693
continuous_ga_variants,rastrigin,2,roulette,0.8,0.1,20,20,1.3432269600261997,1.2692937412876597,5.425355098509499e-08,4.974811357714623,0.1280535833488102
continuous_ga_variants,rastrigin,2,roulette,0.8,0.1,50,20,0.5969835454560647,0.659980865284336,8.29487589726341e-11,1.9899252724628482,0.278500095801428
continuous_ga_variants,rastrigin,2,roulette,0.8,0.1,100,20,0.39798723374418243,0.48742835005736346,2.7000623958883807e-13,0.9949709839777938,0.518691673050489
continuous_ga_variants,rastrigin,2,roulette,1.0,0.01,10,20,3.4691479687802156,3.3491340963337786,0.0009618953433943034,13.033485602139795,0.06302221919977455
continuous_ga_variants,rastrigin,2,roulette,1.0,0.01,20,20,1.3479214236599022,1.3438558019791382,4.565644865195395e-05,4.976067517769616,0.12914665369971773
continuous_ga_variants,rastrigin,2,roulette,1.0,0.01,50,20,0.7194954990508353,0.6494990065333798,0.0002445810240558899,1.9939561046238694,0.26392507390046377
continuous_ga_variants,rastrigin,2,roulette,1.0,0.01,100,20,0.28210268794144716,0.435734162752376,1.8841852522655245e-08,0.9950056164839332,0.5331277134013362
continuous_ga_variants,rastrigin,2,roulette,1.0,0.05,10,20,2.7860665127451143,2.1011903224596447,0.0001630491508990417,7.959690900733719,0.06123194230094668
continuous_ga_variants,rastrigin,2,roulette,1.0,0.05,20,20,1.492518087088849,1.0669252349960285,4.785167462273421e-06,3.9798434370886397,0.1155863689018588
continuous_ga_variants,rastrigin,2,roulette,1.0,0.05,50,20,0.6270955394141859,0.4676794546630045,4.844241701107421e-07,0.9949733121802566,0.27498656495081375
continuous_ga_variants,rastrigin,2,roulette,1.0,0.05,100,20,0.3375401454726255,0.4620971280587573,0.0,0.9949604700626722,0.5016324314012308
continuous_ga_variants,rastrigin,2,roulette,1.0,0.1,10,20,3.283611440249355,2.2711431667839124,1.9675583747158498e-05,7.959768918580856,0.06490684835007414
continuous_ga_variants,rastrigin,2,roulette,1.0,0.1,20,20,1.3929756544552945,1.2347253329600654,3.892626850188208e-06,4.974829821081341,0.1339042995001364
continuous_ga_variants,rastrigin,2,roulette,1.0,0.1,50,20,0.44774400924116564,0.5865127688365779,7.571212634616131e-08,1.9899190043963415,0.31797883665203697
continuous_ga_variants,rastrigin,2,roulette,1.0,0.1,100,20,0.1981744764550802,0.3963367021538098,1.2278178473934531e-11,0.9949604439279796,0.4676061509999272
continuous_ga_variants,rastrigin,5,tournament,0.6,0.01,10,20,12.904996626644555,7.233445045661561,3.041395699205637,33.53811544045529,0.048450277199299306
continuous_ga_variants,rastrigin,5,tournament,0.6,0.01,20,20,8.036390332687995,6.2746161493233235,1.3927278677612662,27.960630371210364,0.10595551120204619
continuous_ga_variants,rastrigin,5,tournament,0.6,0.01,50,20,5.796002799495505,3.438663725920433,1.0319281444130581,12.954246008923683,0.23469590509994304
continuous_ga_variants,rastrigin,5,tournament,0.6,0.01,100,20,4.182799412858366,3.3390856723652877,0.0013293570624810513,12.941501274869239,0.4565558082489588
continuous_ga_variants,rastrigin,5,tournament,0.6,0.05,10,20,12.858444630416226,6.471723953331297,2.0100219308101757,22.893558570724828,0.05134672069834778
continuous_ga_variants,rastrigin,5,tournament,0.6,0.05,20,20,7.268005735630115,4.592250539919154,1.990528888143288,21.890073253400708,0.09578074265082251
continuous_ga_variants,rastrigin,5,tournament,0.6,0.05,50,20,6.467698128861555,4.250341312249604,1.9899340222673843,18.904271002151606,0.30433025759994053
continuous_ga_variants,rastrigin,5,tournament,0.6,0.05,100,20,3.731251750974701,2.3518316985024463,0.9950623968833341,7.959869252266813,0.5662474349504919
continuous_ga_variants,rastrigin,5,tournament,0.6,0.1,10,20,14.034636340532321,8.399144735859183,2.9921004413455563,38.803825406328784,0.05283300189839792
continuous_ga_variants,rastrigin,5,tournament,0.6,0.1,20,20,6.915692522133031,3.5661416023015895,1.9904266905904109,14.925277265600165,0.0999551306507783
continuous_ga_variants,rastrigin,5,tournament,0.6,0.1,50,20,5.323115746383039,2.2085761493877336,1.989921474158983,10.944540445974887,0.2556755252509902
continuous_ga_variants,rastrigin,5,tournament,0.6,0.1,100,20,4.676336059457931,3.1791973418399544,0.9949662827811636,12.934446469257189,0.5324297354003648
continuous_ga_variants,rastrigin,5,tournament,0.8,0.01,10,20,13.873680917316545,9.892926907624092,4.03225508218334,40.62559447072323,0.06579575659925467
continuous_ga_variants,rastrigin,5,tournament,0.8,0.01,20,20,8.308611037919558,4.925046710123633,2.0169614368511475,22.884819397035237,0.10192892289924202
continuous_ga_variants,rastrigin,5,tournament,0.8,0.01,50,20,4.339758842556182,3.0219174331618435,0.9984925688177313,12.939490306629416,0.24445412365093944
continuous_ga_variants,rastrigin,5,tournament,0.8,0.01,100,20,3.9348555433462193,2.7151755215439723,0.004150625403042341,10.945362206923754,0.5037115891493158
continuous_ga_variants,rastrigin,5,tournament,0.8,0.05,10,20,11.607453260177184,8.036944655385872,1.993253576339285,38.81137676290743,0.0553858195511566
continuous_ga_variants,rastrigin,5,tournament,0.8,0.05,20,20,6.917744654092507,4.435243584408854,1.9903195181590547,20.910622585248042,0.09965487315057545
continuous_ga_variants,rastrigin,5,tournament,0.8,0.05,50,20,5.074909788531455,4.028318447748966,0.9951189221384382,18.907018470856364,0.24835971825086745
continuous_ga_variants,rastrigin,5,tournament,0.8,0.05,100,20,2.985055235729695,1.9394723985705387,0.9949666407217137,7.959681276437692,0.5019420406002609
continuous_ga_variants,rastrigin,5,tournament,0.8,0.1,10,20,9.358979373897567,4.275738784836288,2.9895159477008804,17.925407255838948,0.05728879185189726
continuous_ga_variants,rastrigin,5,tournament,0.8,0.1,20,20,6.816061281148578,3.792462400329989,1.9900630319425616,14.924696265635745,0.10378939640140743
continuous_ga_variants,rastrigin,5,tournament,0.8,0.1,50,20,5.124092597534333,2.0697936924213476,1.9899346996118297,9.949749401575147,0.2667801798990695
continuous_ga_variants,rastrigin,5,tournament,0.8,0.1,100,20,3.183903077585668,2.101214517758065,1.885099563736503e-05,7.959676186651407,0.5326153744004841
continuous_ga_variants,rastrigin,5,tournament,1.0,0.01,10,20,14.183299536992546,8.298043995101152,3.0826929674255013,38.833440301348524,0.05264964725065511
continuous_ga_variants,rastrigin,5,tournament,1.0,0.01,20,20,7.087600175250198,3.4603647837599825,0.14161740734094508,15.057970451802802,0.10017798570042942
continuous_ga_variants,rastrigin,5,tournament,1.0,0.01,50,20,4.596940349659422,2.9359052078724943,0.021377090607522575,10.949020735383087,0.24658492879752886
continuous_ga_variants,rastrigin,5,tournament,1.0,0.01,100,20,2.2442220754476847,1.212415762558806,0.0007426222451130116,4.976108332618367,0.5334634559490951
continuous_ga_variants,rastrigin,5,tournament,1.0,0.05,10,20,12.008655444510879,8.72583177516942,1.9900757441707526,38.82615441867351,0.056576392249553464
continuous_ga_variants,rastrigin,5,tournament,1.0,0.05,20,20,6.270549350683546,3.4905590981715435,1.9900207284700215,13.929642009846447,0.10735383674982586
continuous_ga_variants,rastrigin,5,tournament,1.0,0.05,50,20,4.627039136128717,2.422356350062573,0.9951549851388393,9.950209860982973,0.25594172464770965
continuous_ga_variants,rastrigin,5,tournament,1.0,0.05,100,20,2.187766831947285,2.005587307621137,7.932145318534367e-05,7.959823124143874,0.5250067736000347
continuous_ga_variants,rastrigin,5,tournament,1.0,0.1,10,20,10.503307487684694,5.727176467374817,2.989614982260406,22.886577607153058,0.05199157975148409
continuous_ga_variants,rastrigin,5,tournament,1.0,0.1,20,20,6.567118180471331,3.4235588169420015,1.9900676418992873,14.924639298681605,0.1218278681502852
continuous_ga_variants,rastrigin,5,tournament,1.0,0.1,50,20,4.3281082577252095,2.5420110735282444,5.494705655451071e-05,9.949600281190044,0.28475259144834125
continuous_ga_variants,rastrigin,5,tournament,1.0,0.1,100,20,1.84068539023427,1.381341537546285,2.967056673242041e-06,5.969756712734217,0.5393466303001333
continuous_ga_variants,rastrigin,5,roulette,0.6,0.01,10,20,18.08504308493055,10.115487594042207,3.1482600017126146,40.42482473167878,0.07691143029805972
continuous_ga_variants,rastrigin,5,roulette,0.6,0.01,20,20,9.441899706903948,5.513925845981985,3.221247981890272,20.587455572141934,0.13682417669988353
continuous_ga_variants,rastrigin,5,roulette,0.6,0.01,50,20,6.757071684781384,4.294922730300243,1.1459537032991989,16.54298957712691,0.3218397602024197
continuous_ga_variants,rastrigin,5,roulette,0.6,0.01,100,20,4.299095409734345,3.3449363122312845,0.0440158495125047,11.388690001409813,0.6659660346005694
continuous_ga_variants,rastrigin,5,roulette,0.6,0.05,10,20,10.882736596525339,8.479436795608315,1.043233856742951,36.11416369435283,0.07854684685080429
continuous_ga_variants,rastrigin,5,roulette,0.6,0.05,20,20,8.194534754017866,6.313786774664382,1.9944057189496434,24.890144599742825,0.13978087054929347
continuous_ga_variants,rastrigin,5,roulette,0.6,0.05,50,20,4.685242785179469,2.674441850289514,0.9952001588554253,10.950422048718664,0.361580291800783
continuous_ga_variants,rastrigin,5,roulette,0.6,0.05,100,20,3.3858631370080454,2.6581990022793818,0.0008171151713725067,10.947649789196547,0.7303702574019553
continuous_ga_variants,rastrigin,5,roulette,0.6,0.1,10,20,11.14874003420461,5.338723778538848,1.0052711739531475,23.021418275111934,0.0756591645993467
continuous_ga_variants,rastrigin,5,roulette,0.6,0.1,20,20,8.033366848130683,4.840339584011619,1.0081290121992836,18.964684750171934,0.14381092574985815
continuous_ga_variants,rastrigin,5,roulette,0.6,0.1,50,20,5.331246485870454,3.0593031698608226,0.9950429389696822,10.954640688405448,0.36840805530009674
continuous_ga_variants,rastrigin,5,roulette,0.6,0.1,100,20,4.4318840075022425,3.3119833666778686,0.0002486048395553553,12.954367571821194,0.609508047952113
continuous_ga_variants,rastrigin,5,roulette,0.8,0.01,10,20,14.800802854687584,10.767225663464734,2.176432871725609,40.904712480169714,0.06420976360022905
continuous_ga_variants,rastrigin,5,roulette,0.8,0.01,20,20,7.867006812094853,5.618985212396801,1.0286191922170502,19.60871146284353,0.12170328955107834
continuous_ga_variants,rastrigin,5,roulette,0.8,0.01,50,20,4.542204316621385,2.1295716911782265,2.1225656588198447,10.036358758927094,0.30154724635285673
continuous_ga_variants,rastrigin,5,roulette,0.8,0.01,100,20,4.026258562754828,2.9934763292989164,0.0013591479888503954,12.983151818761435,0.5670187403993623
continuous_ga_variants,rastrigin,5,roulette,0.8,0.05,10,20,10.304410891640817,7.255802638980139,2.0038882113498815,38.13604832786995,0.062234520500351206
continuous_ga_variants,rastrigin,5,roulette,0.8,0.05,20,20,6.254074165235055,2.7458551982110175,1.9948815638346105,12.129289322400737,0.12256979279991356
continuous_ga_variants,rastrigin,5,roulette,0.8,0.05,50,20,2.689948891916079,2.1138333905475624,0.00021780634278911748,7.963172022300526,0.29465715834958245
continuous_ga_variants,rastrigin,5,roulette,0.8,0.05,100,20,2.1928454060964695,1.4978432591346982,0.0013198382501542483,6.968857577520055,0.5818158323003445
continuous_ga_variants,rastrigin,5,roulette,0.8,0.1,10,20,9.747556550513355,4.496740323746836,2.007757012766035,19.928897676102657,0.06185571894893656
continuous_ga_variants,rastrigin,5,roulette,0.8,0.1,20,20,6.285090627839177,4.295615079581048,1.9918194853226652,19.008778335472144,0.12163044179906138
continuous_ga_variants,rastrigin,5,roulette,0.8,0.1,50,20,5.826939329052119,3.4828520889022867,0.9956380980737549,13.940347312198973,0.29667439324839506
continuous_ga_variants,rastrigin,5,roulette,0.8,0.1,100,20,3.0359349848686468,2.8233352729304158,0.9950102466902138,10.949778744618804,0.5899065100471489
continuous_ga_variants,rastrigin,5,roulette,1.0,0.01,10,20,11.319628210847146,5.429560032984278,2.058257519286663,20.488795614905097,0.06168091985018691
continuous_ga_variants,rastrigin,5,roulette,1.0,0.01,20,20,6.61361294190228,3.686104154659764,1.3538864961453996,17.060673435568354,0.11835574180076947
continuous_ga_variants,rastrigin,5,roulette,1.0,0.01,50,20,4.060678638613572,2.6035189144068815,1.0725603616625818,10.511375374258108,0.2903456511477998
continuous_ga_variants,rastrigin,5,roulette,1.0,0.01,100,20,2.3520014957711757,1.9881924023632975,0.00634390633634041,7.3824024122040015,0.5814536163998127
continuous_ga_variants,rastrigin,5,roulette,1.0,0.05,10,20,9.318912046833228,4.16446030105456,3.070105854823467,19.646973906490786,0.06260942700173473
continuous_ga_variants,rastrigin,5,roulette,1.0,0.05,20,20,6.549202648451477,3.564689667265792,1.0045288186109502,13.986747879700658,0.13086752924864414
continuous_ga_variants,rastrigin,5,roulette,1.0,0.05,50,20,4.440901123827553,3.2917624091835025,0.0005189332421906556,14.031239736980709,0.3027875659019628
continuous_ga_variants,rastrigin,5,roulette,1.0,0.05,100,20,3.076218407550784,2.2595479744684166,0.0001031380812861471,7.969979450672582,0.6634373382010381
continuous_ga_variants,rastrigin,5,roulette,1.0,0.1,10,20,9.50804495210836,4.843577713077621,1.0096070287336474,19.93357788931931,0.077007234148914
continuous_ga_variants,rastrigin,5,roulette,1.0,0.1,20,20,5.0389408614125,4.756617124242217,0.9963023412994261,20.94294494827134,0.12597078824983327
continuous_ga_variants,rastrigin,5,roulette,1.0,0.1,50,20,2.8888065688495836,2.1572677219963055,3.23263863037937e-05,7.965385028148745,0.32139335480242154
continuous_ga_variants,rastrigin,5,roulette,1.0,0.1,100,20,2.8884089477918895,1.6640124104382332,0.9952689333426292,7.969252862275312,0.6491354095502174
continuous_ga_variants,rastrigin,10,tournament,0.6,0.01,10,20,51.857380292757036,17.727885067381127,23.57271425005385,86.27329630573762,0.05655059624987189
continuous_ga_variants,rastrigin,10,tournament,0.6,0.01,20,20,27.64649790488889,11.64014647230918,6.862461129230766,53.92546023978257,0.10047556644931319
continuous_ga_variants,rastrigin,10,tournament,0.6,0.01,50,20,13.407274215256257,7.452321990667568,5.015079648785246,35.852557508880054,0.24490695934800896
continuous_ga_variants,rastrigin,10,tournament,0.6,0.01,100,20,10.413997736155398,4.43410275618704,4.010882803091363,21.922705809436124,0.48462840514912386
continuous_ga_variants,rastrigin,10,tournament,0.6,0.05,10,20,35.903800957947524,17.429971944712197,6.006083408907756,71.70953641242352,0.05388240254906122
continuous_ga_variants,rastrigin,10,tournament,0.6,0.05,20,20,20.48540732640368,14.74703556152672,6.972086502749477,71.6446004953714,0.10213721429900033
continuous_ga_variants,rastrigin,10,tournament,0.6,0.05,50,20,15.031565418940847,6.307357186933044,5.974627918075598,31.84464036090857,0.24501158105049398
continuous_ga_variants,rastrigin,10,tournament,0.6,0.05,100,20,9.904404948064592,4.387690300619148,2.991013870103586,22.888419518479367,0.5158406885995646
continuous_ga_variants,rastrigin,10,tournament,0.6,0.1,10,20,32.932219384224894,16.01377217141717,12.07086145326943,64.80301940175052,0.053399425648967734
continuous_ga_variants,rastrigin,10,tournament,0.6,0.1,20,20,20.52828103232587,8.709235508139956,6.9800252410013,46.77359881135119,0.10311477535069571
continuous_ga_variants,rastrigin,10,tournament,0.6,0.1,50,20,18.065187715870003,9.554215098823986,3.9929147556266713,43.782465904776416,0.2522075133994804
continuous_ga_variants,rastrigin,10,tournament,0.6,0.1,100,20,11.047497115575379,5.7917402358669765,3.9815377045128315,28.855291583262073,0.5101733471507032
continuous_ga_variants,rastrigin,10,tournament,0.8,0.01,10,20,45.76599266946768,16.846122977589516,21.063909243627805,81.45795278183535,0.05245485924824607
continuous_ga_variants,rastrigin,10,tournament,0.8,0.01,20,20,21.806497215621356,8.355384065189172,9.359141570815126,40.501684845241634,0.10351471090107225
continuous_ga_variants,rastrigin,10,tournament,0.8,0.01,50,20,12.090590784312713,7.214059036265678,1.2838040931010255,31.96544035481284,0.26752285129914527
continuous_ga_variants,rastrigin,10,tournament,0.8,0.01,100,20,9.140981557370704,4.252502479765028,4.039639868617002,18.984431392729775,0.524555615898862
continuous_ga_variants,rastrigin,10,tournament,0.8,0.05,10,20,29.057945106723032,11.095051224253961,6.11803501711843,50.82934410363944,0.055261227150185735
continuous_ga_variants,rastrigin,10,tournament,0.8,0.05,20,20,20.376858777697674,10.043346962730574,7.000462146676242,41.80255326313119,0.10595719884877326
continuous_ga_variants,rastrigin,10,tournament,0.8,0.05,50,20,12.097798402825465,4.237048997237561,2.9926794756806743,17.932555488593252,0.2553325703971495
continuous_ga_variants,rastrigin,10,tournament,0.8,0.05,100,20,8.1145976011324,3.167434296310268,3.983211904896436,15.927253059697733,0.49725062920115304
continuous_ga_variants,rastrigin,10,tournament,0.8,0.1,10,20,30.12327564746705,12.257867929243519,15.00485278062665,58.77286286077978,0.054194964499765776
continuous_ga_variants,rastrigin,10,tournament,0.8,0.1,20,20,17.63373223387145,5.211650569141798,6.981312754799887,24.92970639569576,0.10320341774931877
continuous_ga_variants,rastrigin,10,tournament,0.8,0.1,50,20,14.830684538856667,9.113837593520998,3.984629067555062,43.783406663088535,0.26536570429743733
continuous_ga_variants,rastrigin,10,tournament,0.8,0.1,100,20,7.315665600311507,3.7789862085746364,1.9905490224741271,17.910655332353997,0.5423543864504609
continuous_ga_variants,rastrigin,10,tournament,1.0,0.01,10,20,37.54442502192448,14.71905641137715,17.663115451000564,71.23498926236644,0.0550265091995243
continuous_ga_variants,rastrigin,10,tournament,1.0,0.01,20,20,21.919176207478834,8.99871587310395,8.21258218493817,40.39114930810762,0.10340351199993165
continuous_ga_variants,rastrigin,10,tournament,1.0,0.01,50,20,9.68040279935111,4.0400730810792815,3.0498570076056524,16.21174898788317,0.2528164457966341
continuous_ga_variants,rastrigin,10,tournament,1.0,0.01,100,20,7.3095957623094225,4.40056966873674,1.1617224063729736,19.969294679176556,0.5048284784024872
continuous_ga_variants,rastrigin,10,tournament,1.0,0.05,10,20,33.58120215396388,14.056834966641809,12.963012909451109,71.78137883106137,0.05540812229955918
continuous_ga_variants,rastrigin,10,tournament,1.0,0.05,20,20,19.075324545445337,9.507394920791347,7.99340082989913,52.77796873416589,0.10617778310042922
continuous_ga_variants,rastrigin,10,tournament,1.0,0.05,50,20,10.554238489856607,6.357627448832209,2.9880348218816692,32.83555663593535,0.2595594603008067
continuous_ga_variants,rastrigin,10,tournament,1.0,0.05,100,20,6.672034364850146,3.4901826975239287,1.9957677511925596,15.925482961472312,0.5143055477979942
continuous_ga_variants,rastrigin,10,tournament,1.0,0.1,10,20,33.897494436423365,12.412174300232754,16.964662847209553,58.7311532604335,0.0557997752999654
continuous_ga_variants,rastrigin,10,tournament,1.0,0.1,20,20,15.743408228326341,8.86300353256164,5.013653880605801,41.794192019324996,0.10774223354819697
continuous_ga_variants,rastrigin,10,tournament,1.0,0.1,50,20,11.24763267852748,6.116437166993856,3.9898388989644644,26.866606321999356,0.26265978290030034
continuous_ga_variants,rastrigin,10,tournament,1.0,0.1,100,20,5.57523068256521,2.7323524560639174,0.9981669143445089,11.942289594879597,0.5255128145974595
continuous_ga_variants,rastrigin,10,roulette,0.6,0.01,10,20,47.225341924797796,19.575663510638876,20.080316311862788,81.15101895488827,0.06445754905216745
continuous_ga_variants,rastrigin,10,roulette,0.6,0.01,20,20,31.838059954338007,9.707416009872894,18.02430973610295,56.11808314975842,0.12504704200255218
continuous_ga_variants,rastrigin,10,roulette,0.6,0.01,50,20,17.59102118735185,5.851963958969674,8.382205537841031,32.74150433915186,0.3083966427017003
continuous_ga_variants,rastrigin,10,roulette,0.6,0.01,100,20,11.254330314723726,4.936634148016114,2.3183319527778394,24.780958024021345,0.6088807749008993
continuous_ga_variants,rastrigin,10,roulette,0.6,0.05,10,20,33.6909605473308,13.44508898649754,15.137745476178253,61.66467888520063,0.0655315193500428
continuous_ga_variants,rastrigin,10,roulette,0.6,0.05,20,20,17.71852507636343,8.297109696968844,8.749978872237463,41.58706143155872,0.12872695779878995
continuous_ga_variants,rastrigin,10,roulette,0.6,0.05,50,20,10.14765606276902,3.657855674860527,3.055950548999874,17.541391781974838,0.3095496185494994
continuous_ga_variants,rastrigin,10,roulette,0.6,0.05,100,20,8.07702249592902,5.486212730828236,1.1296822598517196,26.171432140806758,0.6447955418014317
continuous_ga_variants,rastrigin,10,roulette,0.6,0.1,10,20,26.74821338254668,12.980687137402466,7.914867490643104,49.81714566377069,0.06763643279846292
continuous_ga_variants,rastrigin,10,roulette,0.6,0.1,20,20,18.56954219634557,7.825854556208376,8.122370057954214,35.154335500037064,0.12833268815084012
continuous_ga_variants,rastrigin,10,roulette,0.6,0.1,50,20,11.558845198120235,4.371421051673632,4.08323611061617,19.50114905799829,0.36003079364963925
continuous_ga_variants,rastrigin,10,roulette,0.6,0.1,100,20,7.830181062921864,5.192371717503185,2.0334263328516897,21.156532914007528,0.6842042469994339
continuous_ga_variants,rastrigin,10,roulette,0.8,0.01,10,20,45.93050995882898,11.199928673779032,26.48578383994682,69.16589232265254,0.06636997979949229
continuous_ga_variants,rastrigin,10,roulette,0.8,0.01,20,20,29.294767148708416,12.432499516260062,6.082439340340343,46.87072143674453,0.12660355055049877
continuous_ga_variants,rastrigin,10,roulette,0.8,0.01,50,20,17.699040662079256,7.5578352112648375,8.087780040867983,37.303598774323916,0.3247163110492693
continuous_ga_variants,rastrigin,10,roulette,0.8,0.01,100,20,13.915954781887518,7.883382158730009,6.004644111985115,36.41043568544019,0.6535192538525735
continuous_ga_variants,rastrigin,10,roulette,0.8,0.05,10,20,26.831425168595786,13.648511740830394,6.280912845113221,60.71085003237566,0.06710780630164663
continuous_ga_variants,rastrigin,10,roulette,0.8,0.05,20,20,15.277667730238232,6.494702922285783,8.411471850384032,39.3794052085805,0.13031245560050592
continuous_ga_variants,rastrigin,10,roulette,0.8,0.05,50,20,9.701565050545122,3.853229565364149,2.30969108608123,17.91534272603988,0.3297870916525426
continuous_ga_variants,rastrigin,10,roulette,0.8,0.05,100,20,7.941138182084546,4.465922498668752,2.057398446983896,20.10957219032612,0.6294491999971796
continuous_ga_variants,rastrigin,10,roulette,0.8,0.1,10,20,24.84495498921127,7.511135677267486,12.253213918889287,37.98799257496515,0.06804803799896035
continuous_ga_variants,rastrigin,10,roulette,0.8,0.1,20,20,15.852463406426818,9.050862756226637,6.268795644431393,38.75605607362581,0.1304316124995239
continuous_ga_variants,rastrigin,10,roulette,0.8,0.1,50,20,7.893089432957853,4.073867570593142,1.088872860079647,17.0919907556506,0.3293773149482149
continuous_ga_variants,rastrigin,10,roulette,0.8,0.1,100,20,6.367607837988286,3.9916694263099277,3.010276777615374,17.015252565724083,0.6215032729502127
continuous_ga_variants,rastrigin,10,roulette,1.0,0.01,10,20,45.46587110502452,11.710192784991673,28.552911574683336,84.06212633942792,0.06430694040027447
continuous_ga_variants,rastrigin,10,roulette,1.0,0.01,20,20,31.746665986279982,12.250877364166165,9.41776679685647,50.11615370245947,0.12947785614887836
continuous_ga_variants,rastrigin,10,roulette,1.0,0.01,50,20,19.75152448185562,9.50934687200619,6.989173917357988,40.15897748571463,0.3277423154984717
continuous_ga_variants,rastrigin,10,roulette,1.0,0.01,100,20,24.327599447890954,13.480785310409791,5.307130638124519,50.0099717580755,0.5965770161492401
continuous_ga_variants,rastrigin,10,roulette,1.0,0.05,10,20,27.124113823961693,10.310742843257756,10.256260543505974,46.69323649139276,0.07465137705003144
continuous_ga_variants,rastrigin,10,roulette,1.0,0.05,20,20,15.266250019887627,7.481973477089912,6.305411596278873,38.45615517942171,0.1415469741477864
continuous_ga_variants,rastrigin,10,roulette,1.0,0.05,50,20,9.695593561005571,6.169816852624096,2.2580470641537858,24.828982666693207,0.34352672935274314
continuous_ga_variants,rastrigin,10,roulette,1.0,0.05,100,20,5.279351570482975,2.948621652939065,1.9256775933136083,14.534525786007833,0.663834497701464
continuous_ga_variants,rastrigin,10,roulette,1.0,0.1,10,20,22.320711792445145,8.030800958556485,10.424068467770752,38.29404006254771,0.07608056099998066
continuous_ga_variants,rastrigin,10,roulette,1.0,0.1,20,20,15.661711914747105,6.223362854590585,6.825230964985735,24.997505015650745,0.1348528462491231
continuous_ga_variants,rastrigin,10,roulette,1.0,0.1,50,20,7.70805980027657,4.7122556828640505,2.0629034063296103,21.60846259650431,0.35862092479801505
continuous_ga_variants,rastrigin,10,roulette,1.0,0.1,100,20,4.430726207785628,2.9404760688716594,1.0005679858898873,13.047520631823573,0.6750219819499762
continuous_ga_variants,ackley,2,tournament,0.6,0.01,10,20,10.15600835090683,4.4885917791565495,2.5889221089185317,17.16461650538541,0.053889257401169746
continuous_ga_variants,ackley,2,tournament,0.6,0.01,20,20,4.80744293827637,4.492086074617772,0.0013923724390392245,14.787021459932552,0.10280073070098297
continuous_ga_variants,ackley,2,tournament,0.6,0.01,50,20,0.8222475499521718,2.008730593572726,2.0475362294547494e-08,8.616768570630487,0.25401813485077585
continuous_ga_variants,ackley,2,tournament,0.6,0.01,100,20,0.0020048231160143537,0.0036364196368083614,3.241851231905457e-14,0.012272125953562085,0.461181318150193
continuous_ga_variants,ackley,2,tournament,0.6,0.05,10,20,10.640766753924876,4.510982965203498,2.5801333648428195,18.063165660303753,0.053129315598926044
continuous_ga_variants,ackley,2,tournament,0.6,0.05,20,20,5.898120957313195,4.591931701573724,0.0007228556006961817,14.564742867746595,0.10393905444871052
continuous_ga_variants,ackley,2,tournament,0.6,0.05,50,20,1.0083638467383995,2.261649084765419,2.4895148165171577e-09,8.61625171252296,0.24072023740081933
continuous_ga_variants,ackley,2,tournament,0.6,0.05,100,20,0.12905277868279663,0.5622692463785439,4.440892098500626e-16,2.5799275570298694,0.4768793430477672
continuous_ga_variants,ackley,2,tournament,0.6,0.1,10,20,10.161574950983544,4.482111922452205,3.574481685533876,18.058061542603685,0.05559561904956354
continuous_ga_variants,ackley,2,tournament,0.6,0.1,20,20,5.881886366872462,4.611783521769537,2.1695343971561698e-05,14.565032282533538,0.10603580309907557
continuous_ga_variants,ackley,2,tournament,0.6,0.1,50,20,1.3758335357323637,1.6044528790726522,8.53188186766829e-10,4.884068852699663,0.2748329037473013
continuous_ga_variants,ackley,2,tournament,0.6,0.1,100,20,0.3078146480197567,0.9364223472671718,4.440892098500626e-16,3.574451877821016,0.5056467423499271
continuous_ga_variants,ackley,2,tournament,0.8,0.01,10,20,8.884800501921921,3.6148284249796525,2.5820421583151583,15.138724044089786,0.05704403370182263
continuous_ga_variants,ackley,2,tournament,0.8,0.01,20,20,4.975957285929669,3.6871696108687746,0.002652379850854647,11.5256907494694,0.10127603275177535
continuous_ga_variants,ackley,2,tournament,0.8,0.01,50,20,0.6592561810918076,1.4186705630227283,3.7785286011171593e-10,5.382503756491438,0.24204253025091022
continuous_ga_variants,ackley,2,tournament,0.8,0.01,100,20,0.0012154149491952816,0.002899671560152511,4.440892098500626e-16,0.01067908970660314,0.4801573501492385
continuous_ga_variants,ackley,2,tournament,0.8,0.05,10,20,9.166466632110854,3.1956949741246046,2.583801257757582,16.438693783115472,0.06714121154655003
continuous_ga_variants,ackley,2,tournament,0.8,0.05,20,20,5.29104315556016,4.654238416746366,0.00012037401932163405,14.019305281108776,0.12120586854944122
continuous_ga_variants,ackley,2,tournament,0.8,0.05,50,20,0.695531582885128,1.219137296504483,3.851585717029593e-12,3.5744583502079093,0.255836073699902
continuous_ga_variants,ackley,2,tournament,0.8,0.05,100,20,0.12935533695447754,0.5622011884358415,4.440892098500626e-16,2.5799311541147607,0.508109463101573
continuous_ga_variants,ackley,2,tournament,0.8,0.1,10,20,8.582347124559963,3.9703020815182892,0.0056438363319988305,17.208801099704424,0.05782823080080561
continuous_ga_variants,ackley,2,tournament,0.8,0.1,20,20,4.1455892319654755,4.391711511664169,8.032992231399305e-07,14.39315918829801,0.1105529505002778
continuous_ga_variants,ackley,2,tournament,0.8,0.1,50,20,0.8302947817770571,1.8221870865939482,1.9933965589302716e-10,6.559645378608099,0.2516369010991184
continuous_ga_variants,ackley,2,tournament,0.8,0.1,100,20,0.12904029632989547,0.5622721283276302,4.440892098500626e-16,2.5799276589552673,0.525399985050899
continuous_ga_variants,ackley,2,tournament,1.0,0.01,10,20,8.117706497870603,3.638167395181948,2.6130653265072934,15.175938200255686,0.06361779164872132
continuous_ga_variants,ackley,2,tournament,1.0,0.01,20,20,2.3377122215308095,2.8197035495378726,1.4052033390221652e-06,10.258340891057818,0.1077043056509865
continuous_ga_variants,ackley,2,tournament,1.0,0.01,50,20,0.0051301072637440544,0.008847622988667826,6.043809896993935e-10,0.04005466054625062,0.2341534136510745
continuous_ga_variants,ackley,2,tournament,1.0,0.01,100,20,0.0010761987804079887,0.0030859864832288426,4.440892098500626e-16,0.012899918681196443,0.5051692726003238
continuous_ga_variants,ackley,2,tournament,1.0,0.05,10,20,9.272838462627362,3.633987263020035,2.579928664452002,16.354798848897886,0.057829528750880856
continuous_ga_variants,ackley,2,tournament,1.0,0.05,20,20,3.020075530492378,3.7248606852894066,0.0002402338499689627,11.810680944224044,0.10922063314865227
continuous_ga_variants,ackley,2,tournament,1.0,0.05,50,20,0.38786548370519397,0.9208647096105876,4.440892098500626e-16,2.579982793428052,0.2660992761491798
continuous_ga_variants,ackley,2,tournament,1.0,0.05,100,20,0.12909356112182585,0.5622714414119498,4.440892098500626e-16,2.579977745183865,0.5518838040508853
continuous_ga_variants,ackley,2,tournament,1.0,0.1,10,20,8.529708693960547,4.67377082985818,0.006398709559043869,16.354578957100877,0.057836434100318
continuous_ga_variants,ackley,2,tournament,1.0,0.1,20,20,2.813632144713678,2.6145778240990647,3.3398960777919484e-05,10.1203536306187,0.10965018769929884
continuous_ga_variants,ackley,2,tournament,1.0,0.1,50,20,0.12940869416676035,0.5621878971569877,1.786007475246265e-08,2.5799275840845124,0.26640927255066343
continuous_ga_variants,ackley,2,tournament,1.0,0.1,100,20,4.9596652015981846e-05,7.249382134840364e-05,4.440892098500626e-16,0.00023032787743604288,0.5153970122002647
continuous_ga_variants,ackley,2,roulette,0.6,0.01,10,20,8.333093116028945,4.7025089245312905,0.0033312853317828406,16.356371458005952,0.06771891570315347
continuous_ga_variants,ackley,2,roulette,0.6,0.01,20,20,2.4140866754728902,2.1565155312385977,0.006480847600006445,8.648535837022951,0.1307647216497571
continuous_ga_variants,ackley,2,roulette,0.6,0.01,50,20,1.088594220511502,2.0889167200536636,6.572025950113414e-07,8.81417826670018,0.3316267178983253
continuous_ga_variants,ackley,2,roulette,0.6,0.01,100,20,0.0015436209067044792,0.0013438821192239677,8.608478374583228e-10,0.0050181354702485415,0.5768119993532309
continuous_ga_variants,ackley,2,roulette,0.6,0.05,10,20,6.81330241126813,4.858948356357079,0.0005032421679094234,17.208832004529654,0.06801687280094484
continuous_ga_variants,ackley,2,roulette,0.6,0.05,20,20,4.374971023930156,3.580726543566098,0.00010044506633777317,11.217849465127156,0.12934559125205852
continuous_ga_variants,ackley,2,roulette,0.6,0.05,50,20,0.24522321214954043,1.0654545632897556,4.677173251810274e-06,4.889429967999057,0.313706806400296
continuous_ga_variants,ackley,2,roulette,0.6,0.05,100,20,0.12935009909898082,0.5622029149589087,1.104549784969322e-09,2.5799349268719465,0.542597834051412
continuous_ga_variants,ackley,2,roulette,0.6,0.1,10,20,9.041566752194498,3.7759534549674463,2.5799785906474644,16.35460311790699,0.06935555820455193
continuous_ga_variants,ackley,2,roulette,0.6,0.1,20,20,1.8959955409682845,2.3292503210557247,4.3858326137513615e-05,6.559708872154282,0.13244222985013038
continuous_ga_variants,ackley,2,roulette,0.6,0.1,50,20,0.37377631892106145,1.177207339479396,4.518559265864752e-06,4.884097780232981,0.301218369200069
continuous_ga_variants,ackley,2,roulette,0.6,0.1,100,20,0.00016130768383897375,0.00015775197859787643,2.8355668924007205e-09,0.0006260131520083867,0.5964798099026666
continuous_ga_variants,ackley,2,roulette,0.8,0.01,10,20,8.222070698345206,3.982108300577251,2.632586377079559,16.422180736463837,0.06282722355172154
continuous_ga_variants,ackley,2,roulette,0.8,0.01,20,20,3.521084878176974,3.145638764058304,0.02311699345181184,11.810926318324016,0.13261498779902467
continuous_ga_variants,ackley,2,roulette,0.8,0.01,50,20,0.14205587455337562,0.5610260729339632,1.6384473799924137e-06,2.5807458443124784,0.3149891628978366
continuous_ga_variants,ackley,2,roulette,0.8,0.01,100,20,0.0027769437093026817,0.004340789457060847,7.068138518917522e-09,0.018491759203282943,0.5923368001007475
continuous_ga_variants,ackley,2,roulette,0.8,0.05,10,20,8.036089758876116,5.193852752674955,0.003508064759821128,16.354593517629425,0.07509537049918436
continuous_ga_variants,ackley,2,roulette,0.8,0.05,20,20,3.2505596487646686,2.905049543147734,0.00021542727167345177,10.257979689860864,0.13548383395100244
continuous_ga_variants,ackley,2,roulette,0.8,0.05,50,20,0.37434260766300775,1.1770235317229434,3.0347021521937023e-05,4.884075905882039,0.32602482860020243
continuous_ga_variants,ackley,2,roulette,0.8,0.05,100,20,0.00030561576235834666,0.00037910184684840646,2.4979884827303067e-10,0.0011435370611256879,0.5564515190999373
continuous_ga_variants,ackley,2,roulette,0.8,0.1,10,20,8.982739490053891,4.905461042785487,0.001992032636153329,16.176615703568764,0.07419658674843958
continuous_ga_variants,ackley,2,roulette,0.8,0.1,20,20,3.246472953397088,3.145846638487832,9.135314034569575e-06,11.217728909525327,0.1383946661502705
continuous_ga_variants,ackley,2,roulette,0.8,0.1,50,20,0.6562965307321029,1.4198660878749605,1.58199395805525e-08,5.381978281241324,0.32853546565020225
continuous_ga_variants,ackley,2,roulette,0.8,0.1,100,20,0.00010501465758325779,0.0001601675696199996,3.9787185546202863e-08,0.0005914672827036505,0.5618703067972092
continuous_ga_variants,ackley,2,roulette,1.0,0.01,10,20,7.704431616013693,3.754853350430854,2.581631880412371,15.418902891173317,0.06528581169986865
continuous_ga_variants,ackley,2,roulette,1.0,0.01,20,20,3.469565321280416,3.0822900439772734,0.0007643851218372966,11.218830508657968,0.12876367829740049
continuous_ga_variants,ackley,2,roulette,1.0,0.01,50,20,0.6641231548575725,1.4209352253085272,0.00010013601246372517,5.402527809611453,0.2932700936995388
continuous_ga_variants,ackley,2,roulette,1.0,0.01,100,20,0.003932902769047874,0.005712708950543765,2.563531527943752e-06,0.021616048351071004,0.5554747385496739
continuous_ga_variants,ackley,2,roulette,1.0,0.05,10,20,7.4238559161398685,4.881701350210347,0.0020176036243708673,16.99999247217202,0.06879508854835877
continuous_ga_variants,ackley,2,roulette,1.0,0.05,20,20,2.4628926470782266,2.8855372835781266,2.1316559209783037e-05,11.217995604765354,0.1316324142513622
continuous_ga_variants,ackley,2,roulette,1.0,0.05,50,20,0.6025070242991447,1.4517352019878633,7.072124899032417e-07,4.884294077205311,0.30545726269774603
continuous_ga_variants,ackley,2,roulette,1.0,0.05,100,20,0.000519758689383476,0.0007269868710340883,3.9968028886505635e-15,0.003004814313353865,0.5737638871003583
continuous_ga_variants,ackley,2,roulette,1.0,0.1,10,20,8.361159217021159,5.936886766665055,0.0005203600364507288,17.95426452538027,0.06771555710074609
continuous_ga_variants,ackley,2,roulette,1.0,0.1,20,20,1.7466433895325135,2.185948992826864,2.555432464790286e-05,7.182173952936157,0.12893744969915133
continuous_ga_variants,ackley,2,roulette,1.0,0.1,50,20,0.4377856649699085,1.0575089247934155,2.2545245887961585e-06,3.5898616085954456,0.3078934026001662
continuous_ga_variants,ackley,2,roulette,1.0,0.1,100,20,0.000165972612528531,0.00027858146286257555,5.728750807065808e-14,0.0011370858879762302,0.5465378247979971
continuous_ga_variants,ackley,5,tournament,0.6,0.01,10,20,15.055080522980514,2.4646206438479106,11.178130534172427,18.626068998054546,0.058617578447592675
continuous_ga_variants,ackley,5,tournament,0.6,0.01,20,20,12.027338176742497,2.3312980763602154,7.2946739444958695,15.920660420141477,0.13023947275214595
continuous_ga_variants,ackley,5,tournament,0.6,0.01,50,20,6.343765476143224,2.3437985232595087,2.816621321159819,12.127391556917647,0.2788445535014034
continuous_ga_variants,ackley,5,tournament,0.6,0.01,100,20,3.003812839606826,1.3710967500238667,0.009774285979940789,5.473585814121101,0.6102288920999854
continuous_ga_variants,ackley,5,tournament,0.6,0.05,10,20,14.657378462237336,2.437908343650745,9.55814467975384,18.30903950010263,0.07021084639927722
continuous_ga_variants,ackley,5,tournament,0.6,0.05,20,20,11.298524632797399,2.8525764003866954,6.42262439721388,16.79964933878215,0.13435620279997237
continuous_ga_variants,ackley,5,tournament,0.6,0.05,50,20,7.299739111580836,1.7971000954348515,4.167183884444196,11.301985772919418,0.34432707835003384
continuous_ga_variants,ackley,5,tournament,0.6,0.05,100,20,3.588042061152118,1.9554288647420042,0.0013900348448001587,7.511644029169611,0.6549029655507184
continuous_ga_variants,ackley,5,tournament,0.6,0.1,10,20,14.54092570515815,2.353399572477126,9.80063796075807,18.300716978814883,0.06405627214771811
continuous_ga_variants,ackley,5,tournament,0.6,0.1,20,20,11.8643599632484,2.7272632150726985,6.280115889416319,15.542725505698503,0.12408150869814563
continuous_ga_variants,ackley,5,tournament,0.6,0.1,50,20,7.182615624197746,2.4006488478322936,2.3168498478719184,10.99824645030933,0.30634511610187476
continuous_ga_variants,ackley,5,tournament,0.6,0.1,100,20,3.7876339276251962,2.142458334751889,0.0011820285237580386,8.366825033825352,0.6309319122512533
continuous_ga_variants,ackley,5,tournament,0.8,0.01,10,20,14.794531482792072,2.148978904574354,10.589150103763757,18.633516405736543,0.07239949540016824
continuous_ga_variants,ackley,5,tournament,0.8,0.01,20,20,10.451010819991044,2.7793791861761297,6.143417263957879,16.30319880031731,0.12571550409847987
continuous_ga_variants,ackley,5,tournament,0.8,0.01,50,20,6.426069949398922,2.5516433007380455,2.320941929066447,12.481862811513006,0.2978022424496885
continuous_ga_variants,ackley,5,tournament,0.8,0.01,100,20,3.023406697029956,1.3290334837587505,0.008347983755176092,5.64968496007744,0.6745508008010802
continuous_ga_variants,ackley,5,tournament,0.8,0.05,10,20,14.529326354862969,2.278963402677323,9.978027276864527,18.93379601393526,0.07263111270149239
continuous_ga_variants,ackley,5,tournament,0.8,0.05,20,20,10.416343633913941,2.037614746695701,6.820171391662161,15.482575720996422,0.1278458117492846
continuous_ga_variants,ackley,5,tournament,0.8,0.05,50,20,5.666530573413356,2.0704172531138654,2.3168828189059387,10.203489410200069,0.3060505819004902
continuous_ga_variants,ackley,5,tournament,0.8,0.05,100,20,2.9959600223176657,1.2850857451393567,0.0012957543773031155,5.287738559469727,0.6183903508994263
continuous_ga_variants,ackley,5,tournament,0.8,0.1,10,20,14.221175923731797,2.0569877580536646,9.5508574344776,18.3008257227073,0.06820678750009393
continuous_ga_variants,ackley,5,tournament,0.8,0.1,20,20,11.127400935062948,3.164223773999526,5.817614367427474,16.79953562685888,0.1263761529997282
continuous_ga_variants,ackley,5,tournament,0.8,0.1,50,20,6.766539973228873,2.5539667628417977,2.3168531168812234,11.343547248793767,0.33918120909875143
continuous_ga_variants,ackley,5,tournament,0.8,0.1,100,20,2.931687024368404,1.697747646909012,0.0006254152566076421,6.42242377996719,0.617722559399408
continuous_ga_variants,ackley,5,tournament,1.0,0.01,10,20,14.251026741969024,2.5732892544522166,9.127100655247853,18.31725111859993,0.06527755625065765
continuous_ga_variants,ackley,5,tournament,1.0,0.01,20,20,10.721860464241459,2.1769277000147884,4.708458714805239,14.592108983463227,0.1384113290005189
continuous_ga_variants,ackley,5,tournament,1.0,0.01,50,20,6.029683585760725,2.253860307405659,1.6465271432180093,11.661389366893705,0.3164591776505404
continuous_ga_variants,ackley,5,tournament,1.0,0.01,100,20,2.716906197666306,1.203983281410781,0.013114499259807122,4.167371818985718,0.6154045926494291
continuous_ga_variants,ackley,5,tournament,1.0,0.05,10,20,14.123886447931605,2.302282040687561,9.740396825708812,18.93399927180131,0.06245723919928423
continuous_ga_variants,ackley,5,tournament,1.0,0.05,20,20,10.594358868751408,3.0054962776941445,4.167458177324065,16.79955189408645,0.12372666064838996
continuous_ga_variants,ackley,5,tournament,1.0,0.05,50,20,5.317237838167669,2.180786144936975,0.011256265745324345,10.0922379245591,0.29986943430048996
continuous_ga_variants,ackley,5,tournament,1.0,0.05,100,20,2.6724183909223167,1.6155329463846275,0.0012794113571072963,5.4734026950061185,0.6829874491508235
continuous_ga_variants,ackley,5,tournament,1.0,0.1,10,20,14.462309547687747,2.185885753100985,9.739303563972458,18.30066992935022,0.06633046750139329
continuous_ga_variants,ackley,5,tournament,1.0,0.1,20,20,10.4087854378413,2.934690217782749,5.09179393199399,16.799567997049106,0.12519878755119862
continuous_ga_variants,ackley,5,tournament,1.0,0.1,50,20,5.885794351327333,2.1955444609873958,2.8143501100609005,10.36483070472272,0.30574647145112976
continuous_ga_variants,ackley,5,tournament,1.0,0.1,100,20,1.9325233335585437,1.3124653189346756,0.00020988887034834036,4.167124111816197,0.6224967076996109
continuous_ga_variants,ackley,5,roulette,0.6,0.01,10,20,14.48430496992334,2.84010994105779,8.14480255198091,18.971297125580346,0.06830867305179708
continuous_ga_variants,ackley,5,roulette,0.6,0.01,20,20,11.86463135136688,2.8654608642193176,7.051209171732928,17.23363226178607,0.14880388974997913
continuous_ga_variants,ackley,5,roulette,0.6,0.01,50,20,6.921051597164627,2.506005073711465,3.270477032633537,12.585913541977137,0.3741349728996283
continuous_ga_variants,ackley,5,roulette,0.6,0.01,100,20,4.238927312410274,1.8830675431976018,1.3909678490370152,7.932713105334695,0.6868627117488358
continuous_ga_variants,ackley,5,roulette,0.6,0.05,10,20,13.810340402375479,3.0302150562110377,6.961147251939643,17.869838144355445,0.07679470359871629
continuous_ga_variants,ackley,5,roulette,0.6,0.05,20,20,11.294355390464343,3.462128897088618,5.871481311761304,16.44480194154282,0.14787459314902662
continuous_ga_variants,ackley,5,roulette,0.6,0.05,50,20,5.186623918225012,2.7500951355333285,1.6607106793565163,11.405877493332628,0.3826421563499025
continuous_ga_variants,ackley,5,roulette,0.6,0.05,100,20,3.5009975246780223,1.380836094616495,0.025973610924826307,6.428448929728649,0.747544614799699
continuous_ga_variants,ackley,5,roulette,0.6,0.1,10,20,13.386450155092533,3.4903246748840338,5.987330378627288,18.36459787053962,0.08081424364863779
continuous_ga_variants,ackley,5,roulette,0.6,0.1,20,20,10.741658641528423,3.1846073300284488,4.678922986397623,15.458197353315006,0.16851741115169716
continuous_ga_variants,ackley,5,roulette,0.6,0.1,50,20,6.091844390287926,2.521936533082919,0.0026581491995902873,11.41203054123054,0.4190406602996518
continuous_ga_variants,ackley,5,roulette,0.6,0.1,100,20,2.84045049473472,1.92632779363414,0.0008895970353148819,6.700620491721256,0.7182893376520951
continuous_ga_variants,ackley,5,roulette,0.8,0.01,10,20,13.899573345307337,3.100368692334291,8.563644629561148,17.935647840988477,0.06778656400128966
continuous_ga_variants,ackley,5,roulette,0.8,0.01,20,20,11.28001864231543,3.114137658959532,5.776139547046743,16.944285667753935,0.13367554559954442
continuous_ga_variants,ackley,5,roulette,0.8,0.01,50,20,7.105659940825584,2.1880516373794845,3.2994112135235523,11.48334863962179,0.2878855928509438
continuous_ga_variants,ackley,5,roulette,0.8,0.01,100,20,4.527130084824934,2.004057302410486,2.3791139026974872,8.565401440385187,0.6055005340502249
continuous_ga_variants,ackley,5,roulette,0.8,0.05,10,20,13.389233499021358,2.5759690678908216,9.019308668531984,16.721920601414276,0.0760017008484283
continuous_ga_variants,ackley,5,roulette,0.8,0.05,20,20,10.25740694522653,3.6419798952977462,5.127249723768493,18.004684867116843,0.14750002159998984
continuous_ga_variants,ackley,5,roulette,0.8,0.05,50,20,5.766601482811353,2.841005430850382,1.7146029469557758,11.152200246581511,0.36935531064955285
continuous_ga_variants,ackley,5,roulette,0.8,0.05,100,20,3.46964853446293,1.7195726314520008,0.06312607813463034,5.894946523316165,0.700037922647607
continuous_ga_variants,ackley,5,roulette,0.8,0.1,10,20,13.410196621917157,3.356444095787938,6.13940669206718,18.362027703091027,0.0745516567483719
continuous_ga_variants,ackley,5,roulette,0.8,0.1,20,20,10.441989285456767,2.7839230284791787,5.230262899759616,15.128503312508302,0.14591781739800352
continuous_ga_variants,ackley,5,roulette,0.8,0.1,50,20,5.658366025814968,3.2811346290092227,0.0017146967581571637,12.222180789211372,0.36222916314800385
continuous_ga_variants,ackley,5,roulette,0.8,0.1,100,20,3.172650874178294,2.13470852441721,0.002693870215438654,7.753403280710463,0.7454896929491952
continuous_ga_variants,ackley,5,roulette,1.0,0.01,10,20,13.778473533512301,3.0231743775708657,6.948989199160858,18.518512223503418,0.08073538605021895
continuous_ga_variants,ackley,5,roulette,1.0,0.01,20,20,9.532244552881007,2.9684734061189073,2.6463586119150517,14.594924980987967,0.12969851744928745
continuous_ga_variants,ackley,5,roulette,1.0,0.01,50,20,6.7251937496508685,2.5864119680995756,0.1856949349581396,9.941429250439201,0.33077599319803996
continuous_ga_variants,ackley,5,roulette,1.0,0.01,100,20,3.4515431511659442,1.8886486566647065,0.014527224367377745,8.32519962296127,0.5455391319490446
continuous_ga_variants,ackley,5,roulette,1.0,0.05,10,20,13.649184550518138,3.110831246947368,7.0686878298159534,18.03255994732557,0.0761964628502028
continuous_ga_variants,ackley,5,roulette,1.0,0.05,20,20,10.4865751137891,3.2738528720413496,3.8961605491234192,15.168470175868515,0.14649689660145668
continuous_ga_variants,ackley,5,roulette,1.0,0.05,50,20,7.131651585203545,2.1111488659859012,1.8604419663097969,10.866949705211313,0.34317139140111974
continuous_ga_variants,ackley,5,roulette,1.0,0.05,100,20,4.179831358649124,1.603217307146505,0.009114005217949472,7.122977065696524,0.6486919952025346
continuous_ga_variants,ackley,5,roulette,1.0,0.1,10,20,13.62580213168987,2.5449613082216667,8.2055584824488,17.349406570913928,0.08650981105092796
continuous_ga_variants,ackley,5,roulette,1.0,0.1,20,20,10.286410003322407,3.288674204242208,2.820895070195388,14.937061200413535,0.15895681694964878
continuous_ga_variants,ackley,5,roulette,1.0,0.1,50,20,6.138654970787725,2.4241991714610274,2.4127201583261138,10.649726340931911,0.3627530174497224
continuous_ga_variants,ackley,5,roulette,1.0,0.1,100,20,3.350672599227026,1.704118088789678,0.0045163553724667516,7.194583421789115,0.7054353749997972
continuous_ga_variants,ackley,10,tournament,0.6,0.01,10,20,17.413977338907063,1.6575457182228737,13.697414198521031,19.860070078856708,0.06902418274839875
continuous_ga_variants,ackley,10,tournament,0.6,0.01,20,20,14.593532719354931,1.789832942457103,10.239823155489743,17.192941577446387,0.1298464416009665
continuous_ga_variants,ackley,10,tournament,0.6,0.01,50,20,10.656227946635536,1.6949608187589051,6.35776014348853,13.163577131725601,0.298747570047999
continuous_ga_variants,ackley,10,tournament,0.6,0.01,100,20,7.838511323933469,1.7978514595918096,4.299362829532157,10.718734647483032,0.6418117924491525
continuous_ga_variants,ackley,10,tournament,0.6,0.05,10,20,16.72627477428336,1.7469475884063734,12.407665059275075,19.040221361383658,0.06656714059936349
continuous_ga_variants,ackley,10,tournament,0.6,0.05,20,20,14.28297262778627,1.9561197264625805,9.678888455796379,16.872389080159753,0.12759566090171576
continuous_ga_variants,ackley,10,tournament,0.6,0.05,50,20,10.29619598468376,2.102596443816878,5.092308963474675,13.0765737487732,0.30701350949893824
continuous_ga_variants,ackley,10,tournament,0.6,0.05,100,20,7.374867891951878,1.9448718534771834,3.73465536670733,10.884191080830238,0.6528821044994402
continuous_ga_variants,ackley,10,tournament,0.6,0.1,10,20,16.838726115256385,1.9976095256584039,11.775651515434001,19.03987611095503,0.0718314903009741
continuous_ga_variants,ackley,10,tournament,0.6,0.1,20,20,14.67658853757581,2.0201795899000303,10.494930742351023,18.034997499462257,0.14541545800166206
continuous_ga_variants,ackley,10,tournament,0.6,0.1,50,20,10.599703242121084,1.8516127094933623,6.626632201230617,13.898259411448748,0.3027040291999583
continuous_ga_variants,ackley,10,tournament,0.6,0.1,100,20,7.816932235918429,2.008116371237345,3.404652483227434,11.42545185170624,0.6568860161496559
continuous_ga_variants,ackley,10,tournament,0.8,0.01,10,20,16.754679210666858,1.50589257674678,13.453571081470116,19.356415074199013,0.06825054060027469
continuous_ga_variants,ackley,10,tournament,0.8,0.01,20,20,14.197400479940189,1.405376637203932,11.742726980758057,16.37617705597103,0.13135770614899228
continuous_ga_variants,ackley,10,tournament,0.8,0.01,50,20,10.374119050152023,1.5261158295919137,7.729305831218561,12.683413828647783,0.3094751070988423
continuous_ga_variants,ackley,10,tournament,0.8,0.01,100,20,7.643228115104103,1.755510703489867,3.7384769089546066,10.122388241368892,0.5850615959490824
continuous_ga_variants,ackley,10,tournament,0.8,0.05,10,20,16.419263675789757,1.538918495261837,12.185611797920483,19.036617882283064,0.06231144544944982
continuous_ga_variants,ackley,10,tournament,0.8,0.05,20,20,13.747452093918417,1.7710105947041705,8.814626349550784,17.590280659092176,0.13007023760146694
continuous_ga_variants,ackley,10,tournament,0.8,0.05,50,20,9.985570709314556,2.3048177205256746,5.734888808363138,14.402469628215341,0.32320655475123206
continuous_ga_variants,ackley,10,tournament,0.8,0.05,100,20,6.7716928840571855,1.4980322698562005,4.298739844800316,9.800409312801351,0.6276355871996202
continuous_ga_variants,ackley,10,tournament,0.8,0.1,10,20,15.863896526334006,2.2012146294878896,11.263269074493843,19.031649658003307,0.07055182969997986
continuous_ga_variants,ackley,10,tournament,0.8,0.1,20,20,13.923026415937219,1.882467304519581,10.443889860179237,17.583566388493328,0.13108191570063354
continuous_ga_variants,ackley,10,tournament,0.8,0.1,50,20,10.608228692326865,2.0289862782399735,6.206938811814133,14.58978035092004,0.3459748105509789
continuous_ga_variants,ackley,10,tournament,0.8,0.1,100,20,6.345866456260418,1.7134372784961829,3.222613828307804,9.386738567277021,0.7767186235483677
continuous_ga_variants,ackley,10,tournament,1.0,0.01,10,20,16.23103992944965,1.1196595165007763,14.644222359078121,18.89745810279861,0.09381234230095288
continuous_ga_variants,ackley,10,tournament,1.0,0.01,20,20,14.370532123274131,1.3390585344199544,11.778601769252809,17.469312135621568,0.1619874872994842
continuous_ga_variants,ackley,10,tournament,1.0,0.01,50,20,9.078154454217787,2.3870681177943456,3.5836409034420176,15.155148175190442,0.4161668966989964
continuous_ga_variants,ackley,10,tournament,1.0,0.01,100,20,6.700929346236448,1.4375060076094563,3.889410777035565,9.489809965499639,0.8290182037002524
continuous_ga_variants,ackley,10,tournament,1.0,0.05,10,20,15.88658563592897,1.611616425982234,11.428643749934755,18.81531808476671,0.07733853754980373
continuous_ga_variants,ackley,10,tournament,1.0,0.05,20,20,13.915954161188901,1.693878372232471,9.253386355007995,16.209310083141197,0.14286297190046754
continuous_ga_variants,ackley,10,tournament,1.0,0.05,50,20,9.274402695986343,1.7315195140993203,5.2882691510652755,12.308966467105648,0.364829504298541
continuous_ga_variants,ackley,10,tournament,1.0,0.05,100,20,5.614225727890722,1.562667677831949,3.026731355036692,8.45172952360325,0.7233668738997949
continuous_ga_variants,ackley,10,tournament,1.0,0.1,10,20,15.837882683924741,2.196741604324734,11.261563223841872,19.032780381942164,0.08276260085112881
continuous_ga_variants,ackley,10,tournament,1.0,0.1,20,20,13.179411212543542,1.7238975211915744,9.831959887109821,16.74726590133364,0.15692363929993008
continuous_ga_variants,ackley,10,tournament,1.0,0.1,50,20,8.963754352135446,2.10668496042889,5.191337202849464,12.676350719852447,0.38538172869884874
continuous_ga_variants,ackley,10,tournament,1.0,0.1,100,20,5.753072901221703,1.5169629622970429,2.5800382017861527,8.101305208909945,0.7888776832507574
continuous_ga_variants,ackley,10,roulette,0.6,0.01,10,20,16.787008735810705,1.2538621448782823,14.718920726004258,18.950218227471677,0.09416696619809954
continuous_ga_variants,ackley,10,roulette,0.6,0.01,20,20,14.135377498357183,2.012429358707395,8.242940581776708,17.174471825580763,0.17941695144909317
continuous_ga_variants,ackley,10,roulette,0.6,0.01,50,20,10.717151214763934,1.6295442278339187,7.0431168042026275,12.957710078226839,0.4275801017509366
continuous_ga_variants,ackley,10,roulette,0.6,0.01,100,20,7.823314994322443,1.774952649531159,4.924004390858791,11.279526627600838,0.8759651893997216
continuous_ga_variants,ackley,10,roulette,0.6,0.05,10,20,16.434323361669183,1.8180411199713313,11.66732303528247,19.444673016537198,0.09112401770034921
continuous_ga_variants,ackley,10,roulette,0.6,0.05,20,20,14.234787998557778,1.7049690099820238,9.264334536604583,16.64571809065827,0.193098277401441
continuous_ga_variants,ackley,10,roulette,0.6,0.05,50,20,10.108313156055624,2.007747732956442,5.480996038655004,12.385041969221069,0.4591833503007365
continuous_ga_variants,ackley,10,roulette,0.6,0.05,100,20,7.190959806424345,2.4169128590635434,2.5733139268475793,11.682481368904456,0.8078349532021093
continuous_ga_variants,ackley,10,roulette,0.6,0.1,10,20,15.814079454044222,1.5081874840871703,13.138382592580786,18.56671669855461,0.0848957767477259
continuous_ga_variants,ackley,10,roulette,0.6,0.1,20,20,14.014165826429803,1.4425532674079675,11.03451814452618,16.20388880655968,0.16860784710006554
continuous_ga_variants,ackley,10,roulette,0.6,0.1,50,20,10.347921150887467,1.8669775801146273,5.802420790665831,13.028593308555758,0.42516140670049934
continuous_ga_variants,ackley,10,roulette,0.6,0.1,100,20,7.537965317755355,1.6886382051690094,3.838417193284489,9.342560135132903,0.8795785853013512
continuous_ga_variants,ackley,10,roulette,0.8,0.01,10,20,16.0259272099385,1.4172090191034938,13.82226077455754,18.214428338192054,0.09869001620027121
continuous_ga_variants,ackley,10,roulette,0.8,0.01,20,20,13.666598892121502,1.67383801178285,10.273320055259832,17.325562355385646,0.15667326514740126
continuous_ga_variants,ackley,10,roulette,0.8,0.01,50,20,10.852096768918068,1.6363787304229098,7.704536987183673,14.239538051020695,0.3833405965517159
continuous_ga_variants,ackley,10,roulette,0.8,0.01,100,20,8.108191444381143,1.7450810638931755,4.488040125244755,11.561375608939752,0.7165110875495884
continuous_ga_variants,ackley,10,roulette,0.8,0.05,10,20,15.222135094560546,1.9724113302583863,10.03308600082363,17.822401524823277,0.09455739320110297
continuous_ga_variants,ackley,10,roulette,0.8,0.05,20,20,13.95194461229936,1.763403296579952,11.06100212058441,16.48484999639217,0.17991909129996203
continuous_ga_variants,ackley,10,roulette,0.8,0.05,50,20,9.94329939600665,1.6686158330678935,6.98837613747814,13.757719488078134,0.45787264960163154
continuous_ga_variants,ackley,10,roulette,0.8,0.05,100,20,7.518752774425243,1.9517409440507523,2.875169866821594,10.575907271850593,0.9358867405011552
continuous_ga_variants,ackley,10,roulette,0.8,0.1,10,20,15.832463596545733,1.2645950832542185,13.289138715230719,17.89077118709279,0.09453090784954839
continuous_ga_variants,ackley,10,roulette,0.8,0.1,20,20,13.786431253760423,1.7738937549673817,9.646882808098884,17.17387462450206,0.1784046742490318
continuous_ga_variants,ackley,10,roulette,0.8,0.1,50,20,10.33741494668346,1.7123676154797554,6.957731236008431,12.641634213624569,0.4394670791996759
continuous_ga_variants,ackley,10,roulette,0.8,0.1,100,20,7.4786345218617765,1.2955330011030468,5.144729434191095,9.887029551992661,0.7853656700499414
continuous_ga_variants,ackley,10,roulette,1.0,0.01,10,20,15.890972808176357,1.6431076998043233,12.579890765496536,18.737733395112247,0.08623871810050332
continuous_ga_variants,ackley,10,roulette,1.0,0.01,20,20,13.99369317419892,1.9055376030953364,8.424064097610051,16.058090045730943,0.15550692375036307
continuous_ga_variants,ackley,10,roulette,1.0,0.01,50,20,10.14248879480542,1.793098625102922,5.232709533171768,13.052536522062113,0.35392641694998017
continuous_ga_variants,ackley,10,roulette,1.0,0.01,100,20,7.496887471635479,1.2820857869283404,5.342213027547373,9.651737082883203,0.6574431813976844
continuous_ga_variants,ackley,10,roulette,1.0,0.05,10,20,15.116757411683883,1.4621708249839824,11.373551422680396,17.306147637795014,0.12132675769898923
continuous_ga_variants,ackley,10,roulette,1.0,0.05,20,20,13.076924841411536,1.7346289284114882,9.23754022990586,15.956486212821751,0.19011318560005747
continuous_ga_variants,ackley,10,roulette,1.0,0.05,50,20,9.7353876633681,1.5699735965456447,5.655506409434452,12.614480387175373,0.3404281316012202
continuous_ga_variants,ackley,10,roulette,1.0,0.05,100,20,7.336475767851896,1.364964495865498,3.999534804667221,10.210876297524381,0.6693847870483296
continuous_ga_variants,ackley,10,roulette,1.0,0.1,10,20,15.573395455709502,1.4863932587536646,12.760566319002077,18.01383257715862,0.08244524709734832
continuous_ga_variants,ackley,10,roulette,1.0,0.1,20,20,13.10181217905156,2.0963666814103457,7.689960990555548,16.283136781079303,0.1733028706999903
continuous_ga_variants,ackley,10,roulette,1.0,0.1,50,20,10.264927594780541,1.7014905578219246,6.9101639176411815,13.376052423753773,0.401865059400734
continuous_ga_variants,ackley,10,roulette,1.0,0.1,100,20,7.459491156716512,1.7071569540770006,4.476719943153398,11.496316508105906,0.8099027908006974
continuous_ga_variants,himmelblau,2,tournament,0.6,0.01,10,20,5.454728004412725,11.70339231616099,0.01782654320218731,49.0864383763563,0.04341286434937501
continuous_ga_variants,himmelblau,2,tournament,0.6,0.01,20,20,0.13971997384652393,0.2692099542634445,4.073755933820341e-05,1.0771698727340369,0.08158038804904208
continuous_ga_variants,himmelblau,2,tournament,0.6,0.01,50,20,0.001198509841505417,0.0020690935296603383,8.382164864878787e-08,0.007237712861297713,0.17650946064968592
continuous_ga_variants,himmelblau,2,tournament,0.6,0.01,100,20,0.00010547535908114855,0.00015966766745690417,4.050268539749494e-16,0.0005524637631164328,0.3361333686501894
continuous_ga_variants,himmelblau,2,tournament,0.6,0.05,10,20,0.12313910349870823,0.41575713727351415,3.2350402124370546e-05,1.898455101857212,0.04251542100028018
continuous_ga_variants,himmelblau,2,tournament,0.6,0.05,20,20,0.00046250508257350537,0.0012714929754066,6.373409060099598e-08,0.005674134594973634,0.07419077959930291
continuous_ga_variants,himmelblau,2,tournament,0.6,0.05,50,20,2.135220845937288e-05,2.8420847802261207e-05,7.072580921126933e-15,9.930692065120364e-05,0.17792217900350807
continuous_ga_variants,himmelblau,2,tournament,0.6,0.05,100,20,2.922551682791012e-06,9.063707810041326e-06,6.886755702579433e-28,4.167289729855142e-05,0.37636510559968883
continuous_ga_variants,himmelblau,2,tournament,0.6,0.1,10,20,0.0007614109684054983,0.0010795162419545998,4.302027707018348e-06,0.0039030426570101375,0.04392217400018126
continuous_ga_variants,himmelblau,2,tournament,0.6,0.1,20,20,2.383146073585484e-05,3.5367008122922327e-05,3.1288467444377554e-08,0.00015425336186055864,0.07143008494822425
continuous_ga_variants,himmelblau,2,tournament,0.6,0.1,50,20,5.90727776987032e-06,1.1058076290912173e-05,1.145948505387512e-12,4.335527631899577e-05,0.16939883930099314
continuous_ga_variants,himmelblau,2,tournament,0.6,0.1,100,20,3.434478488214392e-07,1.025407095933927e-06,1.908979514989631e-21,4.655299197228567e-06,0.345406216000265
continuous_ga_variants,himmelblau,2,tournament,0.8,0.01,10,20,5.886489759950142,12.187507719685556,0.004108391235306241,44.74457199980803,0.03629012140008854
continuous_ga_variants,himmelblau,2,tournament,0.8,0.01,20,20,0.04225996035106701,0.12322219170767082,5.1388704079419734e-06,0.5562955338877785,0.06545806750218616
continuous_ga_variants,himmelblau,2,tournament,0.8,0.01,50,20,0.0008095661835140627,0.0011667622550999926,2.5580158940752887e-10,0.0042813862841440805,0.17670026759806207
continuous_ga_variants,himmelblau,2,tournament,0.8,0.01,100,20,9.293421685174308e-05,0.0002346264132106654,0.0,0.0010625917650069466,0.36532408090133683
continuous_ga_variants,himmelblau,2,tournament,0.8,0.05,10,20,0.15087996786911742,0.5216588289487011,5.607267093845012e-07,2.3444755377275244,0.04351216614886653
continuous_ga_variants,himmelblau,2,tournament,0.8,0.05,20,20,0.00021776716338162152,0.00029354875296832124,1.406461703448931e-07,0.0010736202530705315,0.0863544642503257
continuous_ga_variants,himmelblau,2,tournament,0.8,0.05,50,20,5.554541751783642e-05,0.00011594825377157604,2.4077227148777435e-14,0.000491102023642399,0.18113124090159544
continuous_ga_variants,himmelblau,2,tournament,0.8,0.05,100,20,3.690479503258757e-06,1.1895366363570216e-05,0.0,5.5004102821981815e-05,0.35920817895021173
continuous_ga_variants,himmelblau,2,tournament,0.8,0.1,10,20,0.0008000862161762565,0.0024196232801024695,4.033952383342016e-07,0.011246963127331071,0.03842447440110845
continuous_ga_variants,himmelblau,2,tournament,0.8,0.1,20,20,3.9189482351894294e-05,7.591048130055378e-05,1.4341596135931674e-09,0.00035264824063655463,0.0694770365007571
continuous_ga_variants,himmelblau,2,tournament,0.8,0.1,50,20,2.747271271689995e-06,3.049712950976317e-06,1.1488072053192592e-11,1.0467367054306596e-05,0.21635887084921707
continuous_ga_variants,himmelblau,2,tournament,0.8,0.1,100,20,2.611724839051615e-08,9.726705738310696e-08,0.0,4.4716935857659486e-07,0.38439753310085506
continuous_ga_variants,himmelblau,2,tournament,1.0,0.01,10,20,6.152937242175399,12.617843367727042,0.00023854842453962993,43.94327650301011,0.03932112805050565
continuous_ga_variants,himmelblau,2,tournament,1.0,0.01,20,20,0.06957139377263524,0.11858724289859209,3.212451506298648e-07,0.3728056728132503,0.0786179299990181
continuous_ga_variants,himmelblau,2,tournament,1.0,0.01,50,20,0.0019520332782282444,0.005034804726311745,8.64317591458354e-21,0.023340049734996243,0.1841362097504316
continuous_ga_variants,himmelblau,2,tournament,1.0,0.01,100,20,0.00011061794395178489,0.0001387220525939251,2.3692609860234555e-14,0.00043006029877048986,0.3990386193501763
continuous_ga_variants,himmelblau,2,tournament,1.0,0.05,10,20,0.03482249651113135,0.08589774158976726,1.278735664925028e-06,0.30318867809451944,0.039647929200145884
continuous_ga_variants,himmelblau,2,tournament,1.0,0.05,20,20,0.0005435763602353514,0.001003676544432557,2.0242530680436545e-07,0.0037098188830560043,0.07028245709952899
continuous_ga_variants,himmelblau,2,tournament,1.0,0.05,50,20,4.11654284878777e-05,9.048692002413827e-05,2.8274072824879323e-11,0.00038333324222089923,0.16868226890292135
continuous_ga_variants,himmelblau,2,tournament,1.0,0.05,100,20,3.132068361010054e-06,4.2004507677253555e-06,0.0,1.0823176454575169e-05,0.3296739178491407
continuous_ga_variants,himmelblau,2,tournament,1.0,0.1,10,20,0.0019873511871367666,0.0057815729509391196,1.9981196121164907e-06,0.02638787520165276,0.036752569301461334
continuous_ga_variants,himmelblau,2,tournament,1.0,0.1,20,20,2.5454979929654152e-05,3.325134587028756e-05,7.743864941705695e-08,0.00013760006396803712,0.06902177450174349
continuous_ga_variants,himmelblau,2,tournament,1.0,0.1,50,20,1.4870282357018061e-06,2.8016054984051513e-06,4.007852205992953e-16,1.2356131059408063e-05,0.17663777974812547
continuous_ga_variants,himmelblau,2,tournament,1.0,0.1,100,20,2.8153703531733995e-07,7.844308498607171e-07,1.262177448353619e-29,3.520616380656612e-06,0.34930857549916255
continuous_ga_variants,himmelblau,2,roulette,0.6,0.01,10,20,6.195149204911089,9.94844776871535,0.00017876757969552143,35.237732316992016,0.055287114503153136
continuous_ga_variants,himmelblau,2,roulette,0.6,0.01,20,20,0.702812341204179,1.2188970798768146,2.313368717356336e-06,4.327214084545022,0.10798436829791172
continuous_ga_variants,himmelblau,2,roulette,0.6,0.01,50,20,0.0006782257548091628,0.0009277651305139425,1.1216377982065385e-06,0.003991783600800385,0.23689959654875564
continuous_ga_variants,himmelblau,2,roulette,0.6,0.01,100,20,0.00018128768189874857,0.00044702734541545043,2.068015720627561e-07,0.002056983921977832,0.44903071934895705
continuous_ga_variants,himmelblau,2,roulette,0.6,0.05,10,20,2.0352574995095485,5.916911058505927,2.4240779127507674e-05,25.833652935438625,0.06117629445070634
continuous_ga_variants,himmelblau,2,roulette,0.6,0.05,20,20,0.004050316650007395,0.01568945269403348,4.788594804333414e-07,0.07224256937698362,0.10756453065114328
continuous_ga_variants,himmelblau,2,roulette,0.6,0.05,50,20,2.0054036266569397e-05,4.276975732413491e-05,1.1643552161411827e-07,0.00019616010801501885,0.27609317234891934
continuous_ga_variants,himmelblau,2,roulette,0.6,0.05,100,20,1.2936143701794165e-05,2.0222174006184408e-05,1.1008305653168766e-08,8.732871026565452e-05,0.5304635182510538
continuous_ga_variants,himmelblau,2,roulette,0.6,0.1,10,20,0.9129975462433482,3.9337825828632766,7.775298989123786e-07,18.059042751185196,0.05560192660122994
continuous_ga_variants,himmelblau,2,roulette,0.6,0.1,20,20,5.8814758795094835e-05,0.00012140608414167876,2.270124754979284e-08,0.0005627596251877741,0.10800514000147814
continuous_ga_variants,himmelblau,2,roulette,0.6,0.1,50,20,5.174522024653171e-06,1.060058100125984e-05,1.014591105181555e-08,4.368772512864009e-05,0.25302538964824633
continuous_ga_variants,himmelblau,2,roulette,0.6,0.1,100,20,2.0597914725817123e-06,2.138626234004921e-06,3.677283998007019e-11,5.937436101308038e-06,0.48464529174743803
continuous_ga_variants,himmelblau,2,roulette,0.8,0.01,10,20,6.562919631661036,10.605971810876694,0.00024218207325758036,39.02907993002639,0.053757382099865934
continuous_ga_variants,himmelblau,2,roulette,0.8,0.01,20,20,1.349190274651864,3.8074393835748874,3.6370657578675837e-06,16.913663682154734,0.10173960914980854
continuous_ga_variants,himmelblau,2,roulette,0.8,0.01,50,20,0.001724838841799245,0.004213761975339506,1.373435407218721e-06,0.014698789229234937,0.24276371270098024
continuous_ga_variants,himmelblau,2,roulette,0.8,0.01,100,20,0.00016677985318543908,0.00027485970815034264,3.2425313345343654e-16,0.0009073695281860755,0.4398251967490069
continuous_ga_variants,himmelblau,2,roulette,0.8,0.05,10,20,1.1252090594799313,3.0536686649082347,4.56811696622452e-06,13.689115443981468,0.05619778279797174
continuous_ga_variants,himmelblau,2,roulette,0.8,0.05,20,20,0.002482310200019786,0.009403559404222045,3.2122292584146854e-09,0.04323521412722533,0.10507430599900544
continuous_ga_variants,himmelblau,2,roulette,0.8,0.05,50,20,3.905825390045394e-05,5.1375728803538165e-05,3.8076998194849934e-10,0.0001683749063640636,0.2604514386497613
continuous_ga_variants,himmelblau,2,roulette,0.8,0.05,100,20,1.2355832552131507e-05,2.1406809399971917e-05,8.446742275705213e-14,8.633011195933097e-05,0.4749705831993197
continuous_ga_variants,himmelblau,2,roulette,0.8,0.1,10,20,0.047733795474012033,0.19973303711198304,1.142363437341265e-06,0.9180183980236895,0.06033442879706854
continuous_ga_variants,himmelblau,2,roulette,0.8,0.1,20,20,5.470673704404044e-05,0.00011348987313520187,2.1635236526921077e-07,0.0005222480191430052,0.11017005879839417
continuous_ga_variants,himmelblau,2,roulette,0.8,0.1,50,20,6.298981373955134e-06,1.4595923472118399e-05,4.807457236931966e-09,5.584809295356049e-05,0.2265536410995992
continuous_ga_variants,himmelblau,2,roulette,0.8,0.1,100,20,2.703293705113143e-06,3.94369920554943e-06,1.8178840429569673e-16,1.582634408403822e-05,0.4706918359974225
continuous_ga_variants,himmelblau,2,roulette,1.0,0.01,10,20,6.842328355194904,10.789826574936269,0.00013003645857611747,39.735684155542415,0.05275058849947527
continuous_ga_variants,himmelblau,2,roulette,1.0,0.01,20,20,1.0180017038914637,3.512053919850113,9.811061140558765e-06,15.894347143233801,0.10695792930055177
continuous_ga_variants,himmelblau,2,roulette,1.0,0.01,50,20,0.00034559331288135694,0.0006405314974459304,2.0849776107029447e-07,0.0030062755075194354,0.23849493684974732
continuous_ga_variants,himmelblau,2,roulette,1.0,0.01,100,20,0.0007194685911998484,0.001626431420764531,5.22952527040556e-13,0.0069384699495769865,0.408903554247081
continuous_ga_variants,himmelblau,2,roulette,1.0,0.05,10,20,2.3927883366140064,6.539958599153934,1.8123368686348763e-05,28.64841591866864,0.05052028540085303
continuous_ga_variants,himmelblau,2,roulette,1.0,0.05,20,20,0.22361682371287972,0.9729306713036443,9.171299885865504e-07,4.464522085593928,0.09500169300008565
continuous_ga_variants,himmelblau,2,roulette,1.0,0.05,50,20,3.319368399314058e-05,3.702938824067854e-05,1.0747825271559132e-08,0.00010870535451830115,0.2179564152029343
continuous_ga_variants,himmelblau,2,roulette,1.0,0.05,100,20,1.2782300370500202e-05,2.1315348540956887e-05,1.6349560912478165e-12,7.723939281377302e-05,0.42364737350071663
continuous_ga_variants,himmelblau,2,roulette,1.0,0.1,10,20,0.6001375061488654,1.9578574779357543,2.2509237637922183e-06,8.452365975410512,0.05202082704927306
continuous_ga_variants,himmelblau,2,roulette,1.0,0.1,20,20,0.00010767623893669814,0.00027835192666430923,1.2251394377094322e-07,0.0012601371113871059,0.10284870885006966
continuous_ga_variants,himmelblau,2,roulette,1.0,0.1,50,20,1.0788233512507324e-05,2.439920208298822e-05,3.04739951339026e-08,0.00010848813296532078,0.22642983894984353
continuous_ga_variants,himmelblau,2,roulette,1.0,0.1,100,20,3.1219555713016536e-06,5.891521421385713e-06,1.437131090702357e-14,2.3028890989261738e-05,0.3835572182004398
