problem_type,algorithm,function,dim,runs,agents,iterations,mean_best,std_best,min_best,max_best,mean_time
continuous,pso,rastrigin,2,20,10,50,0.5308388344651789,1.0084463950970266,3.3409668276362936e-06,3.9800058360277433,0.058901245249998624
continuous,pso,rastrigin,2,20,10,100,0.397985595834197,0.964647195666168,8.93578544491902e-11,3.9798312084911025,0.1170907853999978
continuous,pso,rastrigin,2,20,10,200,0.3482354180950196,0.9050836633427589,0.0,3.979831190554087,0.1985778631000045
continuous,pso,rastrigin,2,20,20,50,0.10568753721848481,0.2972223290433451,7.925122922358696e-07,0.9971582013225841,0.09733167505001177
continuous,pso,rastrigin,2,20,20,100,0.0005499966341627527,0.002390809041735989,4.533262654149439e-12,0.010971262465908183,0.26517537814999914
continuous,pso,rastrigin,2,20,20,200,7.105427357601002e-16,3.0971839802452e-15,0.0,1.4210854715202004e-14,0.542613934299996
continuous,pso,rastrigin,2,20,50,50,0.003538575310239622,0.014418530518619145,3.2088768620042174e-07,0.06635263865153718,0.2869602999499989
continuous,pso,rastrigin,2,20,50,100,9.260831568269623e-09,3.043896378338021e-08,7.283063041541027e-13,1.385414627463888e-07,0.45426485539999817
continuous,pso,rastrigin,2,20,50,200,0.0,0.0,0.0,0.0,0.5081023527499979
continuous,pso,rastrigin,2,20,100,50,2.264022191944548e-06,2.460212181420508e-06,1.773666014059927e-08,8.612427791376831e-06,0.1940733337500035
continuous,pso,rastrigin,2,20,100,100,2.915143682002963e-11,5.449585040842223e-11,3.552713678800501e-15,2.3428015083482023e-10,0.29656341024999333
continuous,pso,rastrigin,2,20,100,200,0.0,0.0,0.0,0.0,0.5874897467000011
continuous,gwo,rastrigin,2,20,10,50,0.6352905654749712,0.6867061372587784,1.5759837879159022e-11,1.9936527757049447,0.022124526399997534
continuous,gwo,rastrigin,2,20,10,100,0.4239081499367524,0.5214467821696086,0.0,1.200442443285418,0.04441091569999571
continuous,gwo,rastrigin,2,20,10,200,0.04975039205119245,0.21685693135267708,0.0,0.995007841023849,0.08864067575000831
continuous,gwo,rastrigin,2,20,20,50,0.1494807723400255,0.35583564482175256,0.0,0.9980235470066319,0.04302953119999984
continuous,gwo,rastrigin,2,20,20,100,0.1493151852288314,0.47476023220550717,0.0,1.9905657365390965,0.08640903139999807
continuous,gwo,rastrigin,2,20,20,200,0.04974860597825774,0.2168491460412489,0.0,0.9949721195651549,0.17114491569999474
continuous,gwo,rastrigin,2,20,50,50,0.05041037620590476,0.21973373558740616,0.0,1.0082075241180952,0.10511566329999482
continuous,gwo,rastrigin,2,20,50,100,0.0,0.0,0.0,0.0,0.20892891524999868
continuous,gwo,rastrigin,2,20,50,200,0.0,0.0,0.0,0.0,0.4179364033500093
continuous,gwo,rastrigin,2,20,100,50,0.0,0.0,0.0,0.0,0.20748306779999837
continuous,gwo,rastrigin,2,20,100,100,0.0,0.0,0.0,0.0,0.41479909564999107
continuous,gwo,rastrigin,2,20,100,200,0.0,0.0,0.0,0.0,0.8323321089500041
continuous,scso,rastrigin,2,20,10,50,0.30422695628990687,0.6431280098301191,5.744595910073258e-10,1.9912763693704463,0.016407342500005483
continuous,scso,rastrigin,2,20,10,100,0.09949595001594158,0.43369259240778313,0.0,1.9899181328834672,0.03189873885000054
continuous,scso,rastrigin,2,20,10,200,0.0,0.0,0.0,0.0,0.06301272574999928
continuous,scso,rastrigin,2,20,20,50,0.24879950584829852,0.533459568389747,0.0,1.9899181141871338,0.031264593049994
continuous,scso,rastrigin,2,20,20,100,0.19899211320843263,0.5969753336608232,0.0,1.9899181141865796,0.062026757050009
continuous,scso,rastrigin,2,20,20,200,0.0,0.0,0.0,0.0,0.12253815265000867
continuous,scso,rastrigin,2,20,50,50,0.0,0.0,0.0,0.0,0.07630871059999436
continuous,scso,rastrigin,2,20,50,100,0.09949590570932898,0.4336925982830166,0.0,1.9899181141865796,0.15285183439999628
continuous,scso,rastrigin,2,20,50,200,0.0,0.0,0.0,0.0,0.30302723204999893
continuous,scso,rastrigin,2,20,100,50,0.0,0.0,0.0,0.0,0.1536774897000015
continuous,scso,rastrigin,2,20,100,100,0.0,0.0,0.0,0.0,0.3026872570999927
continuous,scso,rastrigin,2,20,100,200,0.0,0.0,0.0,0.0,0.5963989734499989
continuous,bso,rastrigin,2,20,10,50,0.6428445119089388,0.46567263988322055,0.046378105935311,1.525479943838409,0.021319072850002386
continuous,bso,rastrigin,2,20,10,100,0.37322868497877837,0.3448521501978496,0.046378105935311,1.2118711442436094,0.04232936919999588
continuous,bso,rastrigin,2,20,10,200,0.1406486653845544,0.14259383272905318,0.0016276960751326897,0.6000638568213432,0.0847646099500082
continuous,bso,rastrigin,2,20,20,50,0.31072970698829183,0.3028248567851453,0.0030591047046968356,1.0495264423790722,0.03651336800000422
continuous,bso,rastrigin,2,20,20,100,0.07715521333511947,0.065079381727533,0.0030591047046968356,0.2576850270221023,0.07321523374999969
continuous,bso,rastrigin,2,20,20,200,0.03460277482971783,0.02659557501065051,0.0030591047046968356,0.09318637205156932,0.14560910275000652
continuous,bso,rastrigin,2,20,50,50,0.04715151671512476,0.04072477714623143,0.000496399778306511,0.1338783036629394,0.08235530374998916
continuous,bso,rastrigin,2,20,50,100,0.028179186929936328,0.029725502627442446,0.000496399778306511,0.13310495242867404,0.1624128464499904
continuous,bso,rastrigin,2,20,50,200,0.013507625241327936,0.011643711085089324,0.000496399778306511,0.04440591986745446,0.3253129123999997
continuous,bso,rastrigin,2,20,100,50,0.029741217938206433,0.0215023854831875,0.002266473297762417,0.06323600040639121,0.15761050064999155
continuous,bso,rastrigin,2,20,100,100,0.014138308714599822,0.013010464967352704,0.002266473297762417,0.0625432968820192,0.31218132934998266
continuous,bso,rastrigin,2,20,100,200,0.006847598180346815,0.004434152086801595,0.0009258128143656563,0.01851710831227038,0.6224307790000012
continuous,pso,rastrigin,5,20,10,50,9.866280875489593,3.82876268599249,3.437494764274696,17.392117841321173,0.015695575900008408
continuous,pso,rastrigin,5,20,10,100,5.635564911564387,3.4003804981009598,1.9903777418285244,13.935079440685755,0.030682633849983175
continuous,pso,rastrigin,5,20,10,200,4.330674620062515,3.1667997399527485,0.9951310574316494,13.929391489567294,0.06160798380001893
continuous,pso,rastrigin,5,20,20,50,6.962514002886015,3.414257150478052,3.5048003476831795,16.780122664044868,0.03041724580001528
continuous,pso,rastrigin,5,20,20,100,3.595478208038178,2.1137329583195434,0.9979546303366718,9.994211328929666,0.06070202614999971
continuous,pso,rastrigin,5,20,20,200,1.9916301978815103,0.7614510404016345,0.9949590571039266,2.984965126553263,0.12150273595001408
continuous,pso,rastrigin,5,20,50,50,4.053238374308729,2.3450357795449435,1.1561728254651342,10.975731718048593,0.07533701350002389
continuous,pso,rastrigin,5,20,50,100,2.0501996101257838,1.5187924821264498,0.004165628346676442,7.00692849506904,0.14883447169999614
continuous,pso,rastrigin,5,20,50,200,1.1443573975230705,0.7226141925723129,9.57243173616007e-11,2.9848771722052305,0.2948983627999951
continuous,pso,rastrigin,5,20,100,50,2.5259773411564153,1.5036967890433648,1.0058161862846688,6.125744334932861,0.14821700659998668
continuous,pso,rastrigin,5,20,100,100,1.0914351521694834,1.103851295552589,0.00034910051616776627,4.975566451841075,0.2951950445000023
continuous,pso,rastrigin,5,20,100,200,0.39834473217469935,0.4877952403414432,3.126388037344441e-13,1.0014231413266543,0.5897680030000118
continuous,gwo,rastrigin,5,20,10,50,3.867981141820116,1.4135575342359896,1.291476873023477,6.215269981558926,0.022511474750001526
continuous,gwo,rastrigin,5,20,10,100,1.5410429164515917,1.0833114056160347,7.566853810203611e-10,3.3192026137379287,0.044155700749985274
continuous,gwo,rastrigin,5,20,10,200,0.5626239118257356,0.6955733111217882,0.0,2.5481544762586097,0.0885610978000102
continuous,gwo,rastrigin,5,20,20,50,1.6743634174994064,1.2264995370302116,8.972696434739191e-07,4.280659003915979,0.043065418049997105
continuous,gwo,rastrigin,5,20,20,100,1.3838154642731297,1.2985070379230943,1.4210854715202004e-14,3.6531238528362664,0.08628955105000954
continuous,gwo,rastrigin,5,20,20,200,0.2628976609174806,0.6568733584372647,0.0,2.2177167256122345,0.17147886300000437
continuous,gwo,rastrigin,5,20,50,50,1.3826845478915295,1.1428632124901474,0.0,3.4568266118993094,0.10592177399999514
continuous,gwo,rastrigin,5,20,50,100,0.481667424299501,0.8653794465973771,0.0,2.317213941445935,0.2111857453999903
continuous,gwo,rastrigin,5,20,50,200,0.05023987128463929,0.21899052186623363,0.0,1.0047974256927859,0.4226438369499988
continuous,gwo,rastrigin,5,20,100,50,1.5358972144833984,1.2890514859951563,0.0,4.151590811078954,0.2114476232999948
continuous,gwo,rastrigin,5,20,100,100,0.35745826330590236,0.7434939082373323,0.0,2.055919513885037,0.44981883809999773
continuous,gwo,rastrigin,5,20,100,200,0.0,0.0,0.0,0.0,0.900767086549996
continuous,scso,rastrigin,5,20,10,50,12.641111213413048,10.662615340949419,0.34468189938177574,41.376304980084676,0.016956578050013604
continuous,scso,rastrigin,5,20,10,100,7.214798252363073,7.6516019194891784,8.867358758379851e-08,32.4889897996903,0.033599200350028016
continuous,scso,rastrigin,5,20,10,200,3.018752239847288,4.644357320467383,7.105427357601002e-15,16.621141173122467,0.06509270489999608
continuous,scso,rastrigin,5,20,20,50,9.30606958518527,7.252753737125007,9.470766910624207e-05,26.41759534643397,0.03265081289999898
continuous,scso,rastrigin,5,20,20,100,6.448174606796725,5.431221162644583,1.6434327676506655e-08,21.00224651480428,0.06435406520000128
continuous,scso,rastrigin,5,20,20,200,6.562087150568823,6.886606204069738,0.0,21.5679058511275,0.1271497976500143
continuous,scso,rastrigin,5,20,50,50,6.915441685174433,5.393250472713717,0.001292794526747798,16.45852842158635,0.07959331090000318
continuous,scso,rastrigin,5,20,50,100,4.2768863840660165,5.268119032264561,4.391154106997419e-12,17.071412146645415,0.15697145969999723
continuous,scso,rastrigin,5,20,50,200,3.605123898965998,3.6612555340891926,0.0,10.059635092197666,0.3148820038500162
continuous,scso,rastrigin,5,20,100,50,3.6554476728452996,3.8955317197151356,1.2255649771475419e-05,12.934455736737718,0.16955406004999532
continuous,scso,rastrigin,5,20,100,100,3.1844567731981357,4.850522740585231,0.0,14.924351518662313,0.33839323724999415
continuous,scso,rastrigin,5,20,100,200,0.7965722276427268,2.0542183528824074,0.0,7.959667713317266,0.6752393208999934
continuous,bso,rastrigin,5,20,10,50,12.808318565735723,4.590549163177769,4.1665580510781695,22.461391637981883,0.022165685549981617
continuous,bso,rastrigin,5,20,10,100,10.479424067813792,3.364168280455615,4.1665580510781695,17.987701355552915,0.0436931785499894
continuous,bso,rastrigin,5,20,10,200,7.8686408951084506,3.236378960406011,2.359285067064576,14.863638702049478,0.08744677325003067
continuous,bso,rastrigin,5,20,20,50,8.058682463391266,2.06836537286774,3.844977743033951,12.521158571107883,0.038133926950018805
continuous,bso,rastrigin,5,20,20,100,7.115367572899257,1.7348903416349415,3.844977743033951,10.45045295824282,0.07630441539999425
continuous,bso,rastrigin,5,20,20,200,6.131974360243343,1.3920085633756718,3.844977743033951,8.409702036161676,0.15176554635000344
continuous,bso,rastrigin,5,20,50,50,5.376841024653619,1.944951636549589,1.8654100248443157,9.16166874684101,0.08607510310000635
continuous,bso,rastrigin,5,20,50,100,4.740953105564708,1.5260905062150438,1.8654100248443157,8.182467444235805,0.16927320955000483
continuous,bso,rastrigin,5,20,50,200,3.9223560081020663,1.2510878152366525,1.8654100248443157,6.046080532803309,0.3356931802500071
continuous,bso,rastrigin,5,20,100,50,4.7994205794968625,1.4874874410834173,1.4060156868767635,7.721778344079247,0.15783781350001505
continuous,bso,rastrigin,5,20,100,100,3.420762007144053,1.105041627242941,1.4060156868767635,5.789670917915032,0.3178415898000139
continuous,bso,rastrigin,5,20,100,200,2.6553296608404664,0.7137792377898597,1.4060156868767635,3.775714360651655,0.6271462986999949
continuous,pso,rastrigin,10,20,10,50,43.48530323720682,14.856428958637535,15.449329102717002,71.56757561597215,0.015888048250008068
continuous,pso,rastrigin,10,20,10,100,27.990568375358073,11.799208945948513,6.250908115211615,54.192377441835475,0.0315468272000146
continuous,pso,rastrigin,10,20,10,200,20.689288878644724,11.327382753792179,4.120147560341138,46.65995804892942,0.06274279594999825
continuous,pso,rastrigin,10,20,20,50,34.18714387694103,12.955983726125497,14.319224418609778,60.551282518563546,0.030934126749986034
continuous,pso,rastrigin,10,20,20,100,18.97782494149532,8.810572071970867,9.234010009531062,43.64335950668894,0.061575113449998754
continuous,pso,rastrigin,10,20,20,200,16.13094413170241,8.224651102706662,6.964781065934417,37.809971618051634,0.12354010260002042
continuous,pso,rastrigin,10,20,50,50,29.258077245489563,12.080626625283264,16.721478971631086,62.353401968571404,0.0764978657499853
continuous,pso,rastrigin,10,20,50,100,13.22672620135154,5.5852264653593675,2.4850196037461103,25.871678736042043,0.15123600034997936
continuous,pso,rastrigin,10,20,50,200,8.453500563191406,4.327293381299616,1.9899187344903169,16.91462445710917,0.3033398073500052
continuous,pso,rastrigin,10,20,100,50,22.63378583777299,8.5380849129774,8.358769998425501,35.580650598479906,0.152209491449986
continuous,pso,rastrigin,10,20,100,100,10.222414653354814,4.375419432867527,4.2572433728362995,20.229075246413473,0.30191759759999287
continuous,pso,rastrigin,10,20,100,200,6.5792220834727,3.4618286087214867,0.9949686572882115,13.929417036425676,0.6001301673499938
continuous,gwo,rastrigin,10,20,10,50,14.851355192036248,6.2717788503073795,7.124551208174523,29.239109151129895,0.022948300800010202
continuous,gwo,rastrigin,10,20,10,100,4.424600361128147,2.0573743245024763,1.5155910506423993,9.60936733158971,0.04610307925000825
continuous,gwo,rastrigin,10,20,10,200,1.0904050623666115,0.8849448986318522,1.476081479268032e-10,3.017125810937671,0.0917001980499947
continuous,gwo,rastrigin,10,20,20,50,6.781414235865602,2.3157339435999282,1.8459077735151794,11.210023846513607,0.04555846515000326
continuous,gwo,rastrigin,10,20,20,100,2.4737632299751935,1.1965598980479122,3.223550535835784e-06,5.3065843853063654,0.09022368169999595
continuous,gwo,rastrigin,10,20,20,200,0.4867252016232051,0.7450549123525568,0.0,2.4792666036894957,0.17840364404999037
continuous,gwo,rastrigin,10,20,50,50,5.3287877548712625,2.017338077810402,1.0695004696983261,8.185927284518513,0.11019733709998718
continuous,gwo,rastrigin,10,20,50,100,1.9062358648129227,1.8319083260066729,6.792788553866558e-12,5.55439772816662,0.21928173274998813
continuous,gwo,rastrigin,10,20,50,200,0.15451002275183826,0.49375832039084,0.0,2.0830328885494254,0.467962341599997
continuous,gwo,rastrigin,10,20,100,50,4.202509711338153,1.3962687197731927,1.070741414958789,7.214554020478431,0.2213726857499978
continuous,gwo,rastrigin,10,20,100,100,1.3221734345503093,1.3453185990213195,2.842170943040401e-14,3.3913146943100685,0.43181342540000855
continuous,gwo,rastrigin,10,20,100,200,0.09991882312715887,0.4355360525688002,0.0,1.9983764625431775,0.8629062484999906
continuous,scso,rastrigin,10,20,10,50,64.86874499243847,25.43961685240915,8.81176156650477,98.61139598556231,0.016525184400006766
continuous,scso,rastrigin,10,20,10,100,36.07583614827747,26.895280105843796,0.046136888699038536,94.63166826833162,0.032960518200007984
continuous,scso,rastrigin,10,20,10,200,26.14164231668777,28.6238495226327,4.368010309008241e-08,88.2420491133531,0.06491911470000673
continuous,scso,rastrigin,10,20,20,50,48.39898456624887,21.225604965625426,2.7158337073375094,81.38229248555729,0.032443848199989134
continuous,scso,rastrigin,10,20,20,100,43.74851846704475,24.221291513514142,4.322334752772264,96.19428683326277,0.0651219881999964
continuous,scso,rastrigin,10,20,20,200,36.187471749142084,24.92761434209362,8.242295734817162e-13,90.75021578797549,0.12793822649998673
continuous,scso,rastrigin,10,20,50,50,38.48657168223633,16.915209634472856,13.99090969292621,74.7908622918348,0.07968108974999381
continuous,scso,rastrigin,10,20,50,100,32.55624850566317,25.295572277262924,2.3691170270012663e-07,81.99429142696245,0.1581220922
continuous,scso,rastrigin,10,20,50,200,24.05877490647394,21.78705955890478,0.0,70.84455112886876,0.3108936846000006
continuous,scso,rastrigin,10,20,100,50,35.9031798285153,15.073879348040597,2.3200621139258004,61.04303709065379,0.1589708435999853
continuous,scso,rastrigin,10,20,100,100,29.232867158419072,17.46668012924188,5.6192574021451946e-05,63.76702803370832,0.31331655664998265
continuous,scso,rastrigin,10,20,100,200,24.31356932116984,19.48130711762191,1.4210854715202004e-14,61.98332610393814,0.6204434119999803
continuous,bso,rastrigin,10,20,10,50,50.30376249281782,6.87051398699224,36.26094469907972,64.90283899042814,0.02196666975000312
continuous,bso,rastrigin,10,20,10,100,44.88978077844145,7.111320667998626,32.43034919689188,56.859206749195735,0.04374939230000337
continuous,bso,rastrigin,10,20,10,200,40.309210162903625,5.466387863465832,31.49987427221646,50.27808289136475,0.08704801409998594
continuous,bso,rastrigin,10,20,20,50,39.48071778145119,5.128123495845208,23.061844986058205,46.299186824895735,0.03782388049999667
continuous,bso,rastrigin,10,20,20,100,35.45282751501645,4.904235543218084,23.061844986058205,44.071630602002216,0.0752629565999996
continuous,bso,rastrigin,10,20,20,200,32.580752786121124,4.411151612214562,23.061844986058205,40.57397711126946,0.14968410880000532
continuous,bso,rastrigin,10,20,50,50,32.76124286851622,3.6210361808472262,23.635699477794546,39.684431273054216,0.08600218679999898
continuous,bso,rastrigin,10,20,50,100,29.53521671675444,5.069567858329336,16.63319584857176,36.28044835506225,0.17039018024998995
continuous,bso,rastrigin,10,20,50,200,27.50925657868361,4.450347558384142,16.63319584857176,34.221336670179,0.33667468215001006
continuous,bso,rastrigin,10,20,100,50,29.519151982001876,4.476922804117295,21.79338040932801,36.535240590331675,0.16092055009999626
continuous,bso,rastrigin,10,20,100,100,25.307066361661576,3.663501289311892,17.493831396933786,32.84295395421087,0.32307737884999027
continuous,bso,rastrigin,10,20,100,200,22.754606177612665,2.8680836374772682,14.926014870444078,26.773192265160333,0.6479596896499856
continuous,pso,schwefel,2,20,10,50,83.06199164766964,76.14583088350746,0.0001028112542371673,238.39375628252253,0.014084920550010338
continuous,pso,schwefel,2,20,10,100,83.05856568358486,76.1462766003596,2.545518805163738e-05,238.39375419617477,0.02790644169998018
continuous,pso,schwefel,2,20,10,200,83.05856563645554,76.14627664156706,2.5455132345086895e-05,238.39375419617443,0.055516047399999026
continuous,pso,schwefel,2,20,20,50,59.32704147938723,69.97936325749247,2.787148196148337e-05,236.87673161787382,0.027309663449995015
continuous,pso,schwefel,2,20,20,100,53.29729766463176,69.81835205557461,2.5455135073571e-05,236.8766946849446,0.0541449536000016
continuous,pso,schwefel,2,20,20,200,53.29727603162944,69.81836856744036,2.5455132345086895e-05,236.87669468400827,0.10791543565000553
continuous,pso,schwefel,2,20,50,50,17.765934032916,42.290881472416146,2.5527072921249783e-05,118.43837455759262,0.06714337229999501
continuous,pso,schwefel,2,20,50,100,17.76577564943644,42.290944491354594,2.545513302720792e-05,118.43836006961214,0.13396198504999007
continuous,pso,schwefel,2,20,50,200,17.76577564729804,42.290944492240904,2.5455132345086895e-05,118.43836006957031,0.2669734981999966
continuous,pso,schwefel,2,20,100,50,5.922438322922898,25.812923417191175,2.5459830794716254e-05,118.4383627818163,0.13337994829999503
continuous,pso,schwefel,2,20,100,100,3.868787284773134e-05,5.7670587729908485e-05,2.545513257246057e-05,0.0002900681355413326,0.2673294052499841
continuous,pso,schwefel,2,20,100,200,2.5455132356455578e-05,4.9554943683923214e-14,2.5455132345086895e-05,2.545513257246057e-05,0.5323655681000048
continuous,gwo,schwefel,2,20,10,50,422.4657772698294,212.43627912693856,0.2669259756758038,750.2583769534401,0.020452550400005976
continuous,gwo,schwefel,2,20,10,100,493.82492214395995,163.30172437185678,118.53201731075148,750.2482801240122,0.040956030950013655
continuous,gwo,schwefel,2,20,10,200,495.7409929677363,140.92584888828952,217.15237505726486,774.6391994122697,0.08213599859999476
continuous,gwo,schwefel,2,20,20,50,262.95444906818864,113.88567314426162,118.43963363985893,513.3534677259152,0.040377969199988685
continuous,gwo,schwefel,2,20,20,100,291.95034746704266,127.1198750091206,0.008118663906316215,513.3422319574894,0.08061503170000606
continuous,gwo,schwefel,2,20,20,200,283.8502616240301,147.48303252987782,0.006733229171459243,473.7872925948134,0.16221888640000087
continuous,gwo,schwefel,2,20,50,50,77.04180360927629,77.43005642000432,0.005588617323496692,237.01586296505593,0.09875802984998927
continuous,gwo,schwefel,2,20,50,100,59.23234788439574,59.22034533294695,5.236665890606673e-05,118.47585755674186,0.19760152554999308
continuous,gwo,schwefel,2,20,50,200,71.06607364240138,58.02186353706772,0.00010180907008816575,118.44867396151972,0.394828435200003
continuous,gwo,schwefel,2,20,100,50,47.40663844183577,58.0133690856225,0.0036798486337374925,118.50246593662803,0.19578878210000425
continuous,gwo,schwefel,2,20,100,100,47.379520416378696,58.0232560409908,3.2943709129540366e-05,118.45658126803414,0.39024297564999416
continuous,gwo,schwefel,2,20,100,200,41.45481738846307,67.77912506339385,0.00041833904128907307,236.87681624033598,1.0665260724500059
continuous,scso,schwefel,2,20,10,50,165.4273680482743,101.41163260680453,2.7138084647049254e-05,356.8562338252201,0.03101916575000132
continuous,scso,schwefel,2,20,10,100,136.33929036402688,93.6991085302477,0.03142022859094595,246.40608004752823,0.05274985585000991
continuous,scso,schwefel,2,20,10,200,146.22960920133016,92.6245637900103,2.545964480304974e-05,296.18815370800974,0.09094556314998954
continuous,scso,schwefel,2,20,20,50,120.56471844135744,87.79578745198064,2.5455132345086895e-05,296.10673921365037,0.04071610930000134
continuous,scso,schwefel,2,20,20,100,97.71219537325133,77.83574006541183,2.5455132345086895e-05,296.10673921365037,0.0642232048999972
continuous,scso,schwefel,2,20,20,200,88.98048236717747,74.03267377626118,2.5455132345086895e-05,238.39375419617443,0.12852040475001444
continuous,scso,schwefel,2,20,50,50,53.298129662806105,69.81771702708804,2.5455132345086895e-05,236.87669468400827,0.07395141875000491
continuous,scso,schwefel,2,20,50,100,53.29727603162943,69.81836856744037,2.5455132345086895e-05,236.87669468400827,0.15090973729999746
continuous,scso,schwefel,2,20,50,200,47.37535930090753,58.02269715807753,2.5455132345086895e-05,118.43836006957031,0.2931798628499962
continuous,scso,schwefel,2,20,100,50,23.687692378019943,47.37533384577518,2.5455132345086895e-05,118.43836006957031,0.1425288152000121
continuous,scso,schwefel,2,20,100,100,23.68769237801994,47.37533384577519,2.5455132345086895e-05,118.43836006957031,0.27591830380001736
continuous,scso,schwefel,2,20,100,200,23.68769237801994,47.37533384577519,2.5455132345086895e-05,118.43836006957031,0.5446152739500008
continuous,bso,schwefel,2,20,10,50,69.29299900719856,70.13542059358906,0.45864615647485607,240.84867314563644,0.019845432250019713
continuous,bso,schwefel,2,20,10,100,46.854767355156675,55.086430260659874,0.030085305092825365,143.48907454985044,0.039428808650006884
continuous,bso,schwefel,2,20,10,200,26.141538625670513,46.68121102896135,0.030085305092825365,119.07200108158452,0.07855404350000299
continuous,bso,schwefel,2,20,20,50,127.73449802539508,84.73095305064406,1.9197349226426468,260.9676362916605,0.034272695499998916
continuous,bso,schwefel,2,20,20,100,73.24300927187267,73.22541277388622,0.514771945579696,240.30293251608623,0.06746826219998639
continuous,bso,schwefel,2,20,20,200,21.811204546538015,41.979961386413535,0.012384851762362814,120.48196002525185,0.13432897670003285
continuous,bso,schwefel,2,20,50,50,96.85897000908192,73.5597256518887,12.303483035233057,264.77461441232003,0.07518659055000398
continuous,bso,schwefel,2,20,50,100,65.8310759954476,47.159924960945325,12.303483035233057,175.9534958658155,0.15034631969997464
continuous,bso,schwefel,2,20,50,200,25.61562811632792,29.99476246065773,0.45517913592016157,139.83534603731027,0.3032099047000088
continuous,bso,schwefel,2,20,100,50,61.25950287382392,42.82086927325471,2.633225142723859,152.80863775124521,0.14367223080000713
continuous,bso,schwefel,2,20,100,100,40.03930224313642,30.202322180921794,2.633225142723859,121.83619881913228,0.28634281145000384
continuous,bso,schwefel,2,20,100,200,22.502561740502586,17.546020180050036,2.1562887059101286,60.209768964881505,0.5708058985999515
continuous,pso,schwefel,5,20,10,50,470.52876791318084,183.30359009809598,17.8544067389912,812.3981608277647,0.014780672050005706
continuous,pso,schwefel,5,20,10,100,433.7601899956247,205.5737030492699,0.001548477052438102,812.3655263656517,0.028469790299971008
continuous,pso,schwefel,5,20,10,200,433.3654763064634,206.16772497660392,6.363784632412717e-05,812.3655251249259,0.05659090039998773
continuous,pso,schwefel,5,20,20,50,314.17809402633367,115.4407538442428,119.35825850940296,575.229845703471,0.028710892199944736
continuous,pso,schwefel,5,20,20,100,300.70359650432704,102.0780390315426,118.43842130809571,476.7875211226051,0.05564893294997546
continuous,pso,schwefel,5,20,20,200,300.65094072615227,102.04965285836687,118.43839825226928,476.78752111991525,0.11016579440000669
continuous,pso,schwefel,5,20,50,50,224.1776868501467,120.26532944968797,0.011138404156099568,475.28545662143006,0.06829223419997561
continuous,pso,schwefel,5,20,50,100,207.49714602861195,123.78358183771739,6.413820210582344e-05,475.270461981979,0.13590699309999082
continuous,pso,schwefel,5,20,50,200,201.58467420889184,113.23093287016347,6.363783131746459e-05,357.06978298681497,0.2713573724499952
continuous,pso,schwefel,5,20,100,50,154.25352448449584,100.00777213968259,0.0072245142137035145,355.3475255980304,0.1356144767500041
continuous,pso,schwefel,5,20,100,100,148.06662264199454,98.19829401720403,6.384039625118021e-05,355.3150679214739,0.27095347709998807
continuous,pso,schwefel,5,20,100,200,148.04798190588096,98.20387917766246,6.363783086271724e-05,355.31506748114475,0.5740047297999922
continuous,gwo,schwefel,5,20,10,50,1253.8175141650645,251.7389169765475,537.719306485888,1608.9708066995522,0.021117701849993863
continuous,gwo,schwefel,5,20,10,100,1420.8389364046966,282.36772139030813,816.9229846812755,1777.6690069630465,0.042307010349964
continuous,gwo,schwefel,5,20,10,200,1635.6257071588168,103.46416598120388,1348.3157844106229,1821.6931122111707,0.08476403304998711
continuous,gwo,schwefel,5,20,20,50,905.3688301550201,213.46764310695417,575.280363174877,1309.0861528913244,0.041094964050000723
continuous,gwo,schwefel,5,20,20,100,1074.2103981159046,260.0869404406382,691.2289321916335,1544.5567530198782,0.08201296054999148
continuous,gwo,schwefel,5,20,20,200,1243.4915537458123,231.17374091113385,773.2310162179315,1541.8816972722427,0.16400238044999468
continuous,gwo,schwefel,5,20,50,50,681.8660068049044,214.8600146243944,217.73426053705361,1186.7237846394596,0.100339289249996
continuous,gwo,schwefel,5,20,50,100,808.2367635911967,231.31884160784602,237.16455130388476,1164.7196226181338,0.20054836030000162
continuous,gwo,schwefel,5,20,50,200,884.4197479505723,250.8049282824886,217.16121179108472,1292.032818995926,0.4015313693500048
continuous,gwo,schwefel,5,20,100,50,428.1584892181153,197.22099736221648,118.99791918848291,837.312741725465,0.19966328435001515
continuous,gwo,schwefel,5,20,100,100,522.1481146101618,155.78846132769857,118.64632498734431,814.4370754247077,0.40095040360000667
continuous,gwo,schwefel,5,20,100,200,684.5091565956692,188.29277462775255,296.200477867113,959.2231838911205,0.8379296977499735
continuous,scso,schwefel,5,20,10,50,915.3110912755013,219.91469494778616,494.9847138178634,1264.3057640236598,0.016025975800016568
continuous,scso,schwefel,5,20,10,100,795.1316987451959,234.30852248237807,94.8588074463105,1191.9687073430412,0.04008686244999353
continuous,scso,schwefel,5,20,10,200,835.5709560468525,242.00420709972462,41.023677032145315,1191.9687073430412,0.06374688209998566
continuous,scso,schwefel,5,20,20,50,749.1662608274625,173.34836934778025,367.8903587346499,1072.7127016287354,0.036114575800013426
continuous,scso,schwefel,5,20,20,100,743.1412283343421,159.6313782115147,371.41584308032066,975.291346325738,0.0761398078999946
continuous,scso,schwefel,5,20,20,200,709.3909730679036,175.99104183531543,311.6636225285779,962.209701131299,0.14339892280000868
continuous,scso,schwefel,5,20,50,50,592.8222034567588,173.0485981155697,248.37135698656925,868.5994999786237,0.09284830209996926
continuous,scso,schwefel,5,20,50,100,597.843781698072,262.90142726550926,4.741782956361476,1072.013313216437,0.15145991500000947
continuous,scso,schwefel,5,20,50,200,665.8688673605077,216.0558193845514,343.0955753323333,1072.013313216437,0.3239671304500348
continuous,scso,schwefel,5,20,100,50,554.9200800005025,253.09047018007237,118.43914162111423,947.6048568963922,0.1855446850999897
continuous,scso,schwefel,5,20,100,100,542.2886840070807,207.76429160049332,118.43840151900667,888.8239148148373,0.4526867539500472
continuous,scso,schwefel,5,20,100,200,548.1780590278256,214.2556658758969,118.43842740103719,868.5943522244111,1.3482104864500228
continuous,bso,schwefel,5,20,10,50,813.5973885377338,164.0770014415789,348.54167939510944,1127.1488498893455,0.026659832499990443
continuous,bso,schwefel,5,20,10,100,639.0320485192145,139.52669818234082,297.6763650132257,973.2117665514616,0.05403756430000613
continuous,bso,schwefel,5,20,10,200,483.19150455606433,133.95193182057295,278.3185768232081,764.0671491142687,0.11861832040000309
continuous,bso,schwefel,5,20,20,50,951.6417672144413,186.2052718264502,485.4304552915828,1249.1815473245676,0.04576822974997867
continuous,bso,schwefel,5,20,20,100,861.9238907153091,156.688267711504,485.4304552915828,1110.3571236735356,0.08210744884996757
continuous,bso,schwefel,5,20,20,200,702.4006930982836,178.30159903542548,291.09776033335197,902.1144766263651,0.17292422634996002
continuous,bso,schwefel,5,20,50,50,912.33440991045,151.34741100768045,539.1653242070856,1131.5663128723543,0.10603036549998705
continuous,bso,schwefel,5,20,50,100,845.4241355377086,158.9450135208547,539.1653242070856,1122.0823028839927,0.18608520750002527
continuous,bso,schwefel,5,20,50,200,753.4042405477721,151.0779117537027,427.4958199441394,971.6777305309035,0.3789408698500324
continuous,bso,schwefel,5,20,100,50,787.6870059336846,135.28030822989356,539.1653242070856,993.6187687672384,0.1726287375499851
continuous,bso,schwefel,5,20,100,100,704.4142763342586,126.1260494957235,427.4958199441394,956.9054881255579,0.3625708388499902
continuous,bso,schwefel,5,20,100,200,604.9481667912373,119.76043350394895,281.76571220069036,791.8036088081262,0.6799870936999923
continuous,pso,schwefel,10,20,10,50,1363.0663846407615,304.95693245786714,838.1960805197,2001.6142615275076,0.017729143700023542
continuous,pso,schwefel,10,20,10,100,1176.1030744971445,237.75478368076963,677.9234478053077,1587.1028656545564,0.032358302400007234
continuous,pso,schwefel,10,20,10,200,1160.2435414673598,234.76422989836655,671.1579443655646,1582.2586110584707,0.07272317990003785
continuous,pso,schwefel,10,20,20,50,1053.9599602621,349.8500018388151,359.0869905389509,1685.8346157270703,0.03729287885001895
continuous,pso,schwefel,10,20,20,100,855.0585998089276,315.72974111247566,355.34384585745875,1423.7246960702214,0.06720073004996721
continuous,pso,schwefel,10,20,20,200,828.0947157128148,319.4146946688417,355.31513117526356,1422.8759080468194,0.1817737662500008
continuous,pso,schwefel,10,20,50,50,716.4015421789068,248.35514295384039,356.60062980441853,1451.7810954189072,0.10773090975001196
continuous,pso,schwefel,10,20,50,100,605.9860327620761,200.0676681000894,355.3183665869119,1245.8093671847546,0.256914064099999
continuous,pso,schwefel,10,20,50,200,605.176978403246,200.14999133777792,355.3151311197271,1245.1305776181803,0.42545686324997406
continuous,pso,schwefel,10,20,100,50,592.3946045787965,260.5325967014743,125.70191532278204,1192.4689017164578,0.20735675074997745
continuous,pso,schwefel,10,20,100,100,537.7019638759162,241.96259428213838,118.44087742057627,1190.4517915376514,0.3689535275000139
continuous,pso,schwefel,10,20,100,200,537.2235005323939,241.84583737929458,118.43846189054693,1190.451711468707,0.742550435550038
continuous,gwo,schwefel,10,20,10,50,2586.8412059487796,380.716580625091,2016.900004121213,3260.506015600346,0.030698187249970487
continuous,gwo,schwefel,10,20,10,100,3109.674499793208,342.1686197568001,2482.1394524932703,3740.5647741627868,0.05603761904998237
continuous,gwo,schwefel,10,20,10,200,3500.257801971573,239.03102348692724,2930.9548569731696,3922.2259761874857,0.13552152844997636
continuous,gwo,schwefel,10,20,20,50,2334.889859354669,420.387990730095,1573.138846586467,2976.6021259682057,0.053809370900012254
continuous,gwo,schwefel,10,20,20,100,2644.0146115740645,373.09260388291915,2022.6492106361165,3255.530732351331,0.11268983320003371
continuous,gwo,schwefel,10,20,20,200,3143.8296357461923,249.54213217052043,2592.4383568694648,3542.1806229909485,0.21662410889997546
continuous,gwo,schwefel,10,20,50,50,1803.6263591955023,343.0581954082403,1127.4118667774255,2357.289246281637,0.1433254623999801
continuous,gwo,schwefel,10,20,50,100,2104.799731221281,367.45435056809146,1403.380234601077,2751.2022434671835,0.28719568170004095
continuous,gwo,schwefel,10,20,50,200,2564.487607187722,343.37069728707036,2048.5881105444514,3248.9903516780523,0.5715332919500383
continuous,gwo,schwefel,10,20,100,50,1711.527421669418,232.82817878154412,1406.111938757299,2219.358018499311,0.2757944256000314
continuous,gwo,schwefel,10,20,100,100,1908.1014409001382,455.2295745698703,996.8565757552178,2636.2672726863166,0.5161777733499889
continuous,gwo,schwefel,10,20,100,200,2240.214321795539,350.8488113343788,1584.1013780379935,2835.708839366458,0.9889794522000102
continuous,scso,schwefel,10,20,10,50,2316.3703582137505,159.1553125050862,2043.6067267023536,2804.6612636639197,0.018180735300006745
continuous,scso,schwefel,10,20,10,100,2346.434545043652,94.38755520740244,2143.638515999229,2514.6648875972696,0.03551871580002626
continuous,scso,schwefel,10,20,10,200,2305.369131301129,91.9788168563489,2088.42677845075,2417.44816073819,0.07348644784996168
continuous,scso,schwefel,10,20,20,50,2071.9636730880106,297.2147749184668,1466.1428286094724,2383.937414686082,0.03816692220001414
continuous,scso,schwefel,10,20,20,100,2023.6037622152944,300.17482333861074,1356.0334292699454,2383.937414686082,0.07583687615000372
continuous,scso,schwefel,10,20,20,200,2061.0912558764635,290.55895392540634,1421.1375225180573,2383.937414686082,0.1402874746499947
continuous,scso,schwefel,10,20,50,50,1757.185493780849,345.8911264547478,959.5606160510952,2383.937414686082,0.08553966779996927
continuous,scso,schwefel,10,20,50,100,1751.3259500973895,378.5161894633558,728.8422330444378,2383.937414686082,0.16524859019997393
continuous,scso,schwefel,10,20,50,200,1740.286024386403,327.5668925948169,1100.6698471607697,2263.98775276193,0.3030385819500225
continuous,scso,schwefel,10,20,100,50,1512.9856811752002,347.3482496534501,789.8825356634361,2263.982020559478,0.14695521299998973
continuous,scso,schwefel,10,20,100,100,1528.4539442155778,377.479132236233,758.0725410178325,2263.982020559478,0.3379152112500151
continuous,scso,schwefel,10,20,100,200,1517.5629030696352,359.81734438715546,782.6661165737123,2144.026626432874,0.6812853952500063
continuous,bso,schwefel,10,20,10,50,2310.7579242854963,353.307552965763,1669.5626340612584,2906.2419882715612,0.026821433950033224
continuous,bso,schwefel,10,20,10,100,2070.938529914535,304.08794400835217,1631.062217468283,2555.024461593782,0.053860177499996095
continuous,bso,schwefel,10,20,10,200,1836.5369092980466,248.47809121734474,1501.975669849117,2532.560062435234,0.10820222319998721
continuous,bso,schwefel,10,20,20,50,2615.2218230701224,213.7157598255556,2051.8919464706755,2952.1015788255954,0.041146373200001564
continuous,bso,schwefel,10,20,20,100,2413.758780256723,219.2122123756943,1853.284988883213,2794.6064443009386,0.08580773400000226
continuous,bso,schwefel,10,20,20,200,2123.3482470716594,352.96576886602327,1484.609373551788,2718.30267585658,0.17475224799999295
continuous,bso,schwefel,10,20,50,50,2424.952810594441,202.26998916911776,2051.8919464706755,2815.17117848572,0.10184787094998456
continuous,bso,schwefel,10,20,50,100,2285.4581296161987,194.83978617652818,1785.9917627130058,2614.4265999706963,0.18925549780001347
continuous,bso,schwefel,10,20,50,200,2222.956543579984,172.00520577987064,1785.9917627130058,2519.5613118044657,0.4820479156000033
continuous,bso,schwefel,10,20,100,50,2324.083319765847,207.6244066052305,1785.9917627130058,2694.966466659751,0.21441793424997968
continuous,bso,schwefel,10,20,100,100,2230.591078339871,165.99345499141953,1785.9917627130058,2573.315174866334,0.40428790704997936
continuous,bso,schwefel,10,20,100,200,2147.641467151644,164.6229043671715,1662.0825797494858,2310.513922194773,0.8416209758500031
continuous,pso,ackley,2,20,10,50,0.01214711392484107,0.012256900912908942,0.0015888665749455022,0.05495426219151556,0.03381780609996667
continuous,pso,ackley,2,20,10,100,3.4075682968381924e-05,3.791165242910767e-05,1.0440657907118123e-06,0.00013702013356864384,0.05679496814998401
continuous,pso,ackley,2,20,10,200,6.770801697086881e-10,1.0951974174975729e-09,2.1178614417749486e-12,3.333081810552585e-09,0.11870828495001433
continuous,pso,ackley,2,20,20,50,0.0042030979300059276,0.0037455454199795297,0.00013109896985286085,0.014768761703298328,0.061130693699988116
continuous,pso,ackley,2,20,20,100,1.5375287440644313e-05,1.7020737337655616e-05,5.955331769946781e-07,7.268925185899278e-05,0.11866053255000679
continuous,pso,ackley,2,20,20,200,1.1802923083337192e-10,1.1135638622573239e-10,1.113464875857062e-11,4.563607269858494e-10,0.22917094874999294
continuous,pso,ackley,2,20,50,50,0.00190715180322778,0.001328769694732722,0.00048469121370020574,0.005025779751957504,0.13578237285001932
continuous,pso,ackley,2,20,50,100,2.9389349724517897e-06,2.4502733980721235e-06,2.3532609860765774e-07,8.792185621775417e-06,0.2751453497999705
continuous,pso,ackley,2,20,50,200,1.1082601503176192e-11,1.0069257914192143e-11,9.454659277707833e-13,3.473177301316355e-11,0.571908810500031
continuous,pso,ackley,2,20,100,50,0.0009402606624813181,0.0006882698581637508,0.00022328553088657443,0.0028786041001649387,0.27369467149994764
continuous,pso,ackley,2,20,100,100,1.781154313018618e-06,1.48205136191175e-06,2.4213595795075094e-07,7.2748138717493305e-06,0.5564553235000063
continuous,pso,ackley,2,20,100,200,6.59534649116722e-12,6.993357386300821e-12,1.4570566975180554e-12,3.048272745331815e-11,1.0261606108999786
continuous,gwo,ackley,2,20,10,50,6.751620172833484e-05,0.00011012705222909217,4.822876253918196e-07,0.0005022380389054781,0.03162962655000001
continuous,gwo,ackley,2,20,10,100,1.8619088493210255e-10,5.628610474389143e-10,2.1760371282653068e-14,2.613451233202113e-09,0.06318812015000504
continuous,gwo,ackley,2,20,10,200,1.3322676295501878e-15,1.538370149106851e-15,4.440892098500626e-16,3.9968028886505635e-15,0.1880327781000574
continuous,gwo,ackley,2,20,20,50,2.1054320065161393e-09,5.063779925723785e-09,2.1760371282653068e-14,1.9955586072484266e-08,0.0966396523000185
continuous,gwo,ackley,2,20,20,100,1.6875389974302379e-15,1.6945364248090045e-15,4.440892098500626e-16,3.9968028886505635e-15,0.15984399654998924
continuous,gwo,ackley,2,20,20,200,4.440892098500626e-16,0.0,4.440892098500626e-16,4.440892098500626e-16,0.3399523104499849
continuous,gwo,ackley,2,20,50,50,1.305622276959184e-14,4.1316624311069517e-14,4.440892098500626e-16,1.9229062786507711e-13,0.18830859749999718
continuous,gwo,ackley,2,20,50,100,4.440892098500626e-16,0.0,4.440892098500626e-16,4.440892098500626e-16,0.2965963205500202
continuous,gwo,ackley,2,20,50,200,4.440892098500626e-16,0.0,4.440892098500626e-16,4.440892098500626e-16,0.5916178891999835
continuous,gwo,ackley,2,20,100,50,6.217248937900876e-16,7.742959950613e-16,4.440892098500626e-16,3.9968028886505635e-15,0.2853594496999904
continuous,gwo,ackley,2,20,100,100,4.440892098500626e-16,0.0,4.440892098500626e-16,4.440892098500626e-16,0.5742609996999931
continuous,gwo,ackley,2,20,100,200,4.440892098500626e-16,0.0,4.440892098500626e-16,4.440892098500626e-16,1.33324400905002
continuous,scso,ackley,2,20,10,50,0.0012372305646681347,0.0019401971332502523,5.441677868311956e-07,0.006465269974925025,0.026719318050004402
continuous,scso,ackley,2,20,10,100,1.6449282380648356e-08,3.6819035911748556e-08,2.5623947408348613e-13,1.5240078043987637e-07,0.0592316237999853
continuous,scso,ackley,2,20,10,200,2.042810365310288e-15,2.0942938268134264e-15,4.440892098500626e-16,7.549516567451064e-15,0.10444352880001588
continuous,scso,ackley,2,20,20,50,0.00013551303580525698,0.0005833191855737162,3.155253835984695e-12,0.0026779866728472435,0.0535067067
continuous,scso,ackley,2,20,20,100,6.010303366110748e-13,2.5336810893616834e-12,4.440892098500626e-16,1.1642686814639092e-11,0.09992216039995583
continuous,scso,ackley,2,20,20,200,6.217248937900876e-16,7.742959950613e-16,4.440892098500626e-16,3.9968028886505635e-15,0.20348093204999032
continuous,scso,ackley,2,20,50,50,8.43769498715119e-15,1.5151188845081247e-14,4.440892098500626e-16,6.794564910705958e-14,0.12551620240000147
continuous,scso,ackley,2,20,50,100,9.769962616701378e-16,1.2685725232129474e-15,4.440892098500626e-16,3.9968028886505635e-15,0.22320481339995696
continuous,scso,ackley,2,20,50,200,4.440892098500626e-16,0.0,4.440892098500626e-16,4.440892098500626e-16,0.43417256784999836
continuous,scso,ackley,2,20,100,50,1.1546319456101628e-15,1.4210854715202006e-15,4.440892098500626e-16,3.9968028886505635e-15,0.237515855849972
continuous,scso,ackley,2,20,100,100,4.440892098500626e-16,0.0,4.440892098500626e-16,4.440892098500626e-16,0.4656210157000146
continuous,scso,ackley,2,20,100,200,4.440892098500626e-16,0.0,4.440892098500626e-16,4.440892098500626e-16,0.8567560188500011
continuous,bso,ackley,2,20,10,50,1.6018098437589867,0.7502933227071382,0.4074892479664354,3.019135027738671,0.0273597895500302
continuous,bso,ackley,2,20,10,100,1.2729072126032084,0.6339822204255791,0.4074892479664354,2.323026903621877,0.053616460250032104
continuous,bso,ackley,2,20,10,200,0.913911388085929,0.4919891951183734,0.07707285851945089,1.828083480911879,0.10662014685000258
continuous,bso,ackley,2,20,20,50,0.8676434010963318,0.5905599367849952,0.0940119881845054,2.6310019466993535,0.04837920244999623
continuous,bso,ackley,2,20,20,100,0.4890721865121227,0.22100439844644046,0.03441831849844634,1.0000647078040186,0.09523407645001498
continuous,bso,ackley,2,20,20,200,0.36649190494746886,0.24332018181606974,0.03441831849844634,0.9064378762109411,0.19499735594997675
continuous,bso,ackley,2,20,50,50,0.68705865535744,0.4693158053372693,0.08280083541390981,1.5004626354232227,0.12205242650001083
continuous,bso,ackley,2,20,50,100,0.28848091423938593,0.2238869180694201,0.04025700560042056,0.9475733635386274,0.24565567850000888
continuous,bso,ackley,2,20,50,200,0.15233080467387383,0.0975151693926475,0.04025700560042056,0.4451289713005342,0.5985303796999915
continuous,bso,ackley,2,20,100,50,0.3415463156350308,0.2567859825299812,0.058882061823287035,1.098593859984892,0.23607613660002472
continuous,bso,ackley,2,20,100,100,0.1873758327711747,0.1305342313523325,0.03848045222106622,0.5733485022640719,0.5043369920500027
continuous,bso,ackley,2,20,100,200,0.12268300776126315,0.06853287258729979,0.021066005665475007,0.2405121825786023,0.9921068801000047
continuous,pso,ackley,5,20,10,50,0.863526175260738,0.6423935618683764,0.10870306141927388,1.9128096943775081,0.02442008829993938
continuous,pso,ackley,5,20,10,100,0.009799403903057512,0.015654274791194626,0.000815829480398822,0.07454146366748704,0.047503251950024604
continuous,pso,ackley,5,20,10,200,2.5379072236653142e-06,2.4629054863453213e-06,3.141061424294378e-07,1.0902262375100946e-05,0.09165651384994362
continuous,pso,ackley,5,20,20,50,0.4013431513800535,0.4029996894288604,0.0831503123512829,1.977521599063064,0.053328380450034275
continuous,pso,ackley,5,20,20,100,0.002082226973547474,0.001593157279669683,0.00039344962585419196,0.006607046137962147,0.11271396914996785
continuous,pso,ackley,5,20,20,200,3.0068276979378084e-07,2.1532400568698194e-07,2.271857768576524e-08,7.142099467394303e-07,0.2148503087999984
continuous,pso,ackley,5,20,50,50,0.08049120670758496,0.040613303961169224,0.02277130130607974,0.139929377263027,0.1341753171500045
continuous,pso,ackley,5,20,50,100,0.0004582590004091891,0.0002948924204362834,9.210629611233756e-05,0.0014408963163856647,0.2850431945499622
continuous,pso,ackley,5,20,50,200,2.420370490696655e-08,1.2359226390484785e-08,4.700535516377613e-09,4.7686559145887486e-08,0.49720365764995905
continuous,pso,ackley,5,20,100,50,0.04102139775353111,0.013895948848712253,0.018544074272885513,0.07975134714773846,0.24830986409997421
continuous,pso,ackley,5,20,100,100,0.00018452506444921468,7.828305367899922e-05,6.4725890287054e-05,0.0003549472711346091,0.49984784180003317
continuous,pso,ackley,5,20,100,200,5.984632966971049e-09,4.970301776108151e-09,1.9240009585530515e-09,2.406564592050131e-08,0.9630444694499942
continuous,gwo,ackley,5,20,10,50,0.1130441881419558,0.374786249348273,0.0031384265510934206,1.7427540936682964,0.04310087229999908
continuous,gwo,ackley,5,20,10,100,4.738444263585606e-05,5.379797113565617e-05,2.2879647585405394e-06,0.00022447475019804486,0.0784216266499925
continuous,gwo,ackley,5,20,10,200,6.47065512282552e-11,1.5997341932332113e-10,7.038813976123492e-13,7.430718262924074e-10,0.146861658850014
continuous,gwo,ackley,5,20,20,50,0.0005782619694028491,0.0006331676041491012,8.36967502348962e-05,0.0023064821610288,0.07401462909997462
continuous,gwo,ackley,5,20,20,100,1.39591166181674e-08,1.877566575503948e-08,5.372382538837428e-10,7.74901889322166e-08,0.15090139630000293
continuous,gwo,ackley,5,20,20,200,4.352074256530614e-15,1.0658141036401502e-15,3.9968028886505635e-15,7.549516567451064e-15,0.287797625900032
continuous,gwo,ackley,5,20,50,50,2.7973893678812088e-06,4.295610866473725e-06,4.688931953822362e-08,1.5942481855990565e-05,0.18540412170001447
continuous,gwo,ackley,5,20,50,100,9.831246927660687e-13,1.5966673150833953e-12,2.886579864025407e-14,5.2016169149737834e-12,0.35000077095002097
continuous,gwo,ackley,5,20,50,200,2.042810365310288e-15,1.7674527390216707e-15,4.440892098500626e-16,3.9968028886505635e-15,0.6405224389499949
continuous,gwo,ackley,5,20,100,50,2.82717603106164e-08,4.401200002666048e-08,1.4321033248165804e-10,1.5150752519232924e-07,0.2928716799999734
continuous,gwo,ackley,5,20,100,100,4.884981308350689e-15,2.7231034701379806e-15,4.440892098500626e-16,1.4654943925052066e-14,0.676274090849995
continuous,gwo,ackley,5,20,100,200,9.769962616701378e-16,1.2685725232129474e-15,4.440892098500626e-16,3.9968028886505635e-15,1.5074586759
continuous,scso,ackley,5,20,10,50,4.919980557087352,5.963588467520875,0.028258595727483016,19.87522960834117,0.02774414200001729
continuous,scso,ackley,5,20,10,100,1.36967038553964,4.369204129315801,7.674362230547516e-05,19.763507197908964,0.05164719449999211
continuous,scso,ackley,5,20,10,200,5.817130930463321e-06,1.633444370707045e-05,1.317923237209584e-08,7.479172678914736e-05,0.11968736465000802
continuous,scso,ackley,5,20,20,50,1.274096708458914,1.5910149615447506,0.0011536648447116882,4.500414152046144,0.08517018925000457
continuous,scso,ackley,5,20,20,100,0.0009791176874027307,0.0013170856459620822,5.203724907421048e-06,0.003983188685151351,0.12972945809998465
continuous,scso,ackley,5,20,20,200,1.8236539656157903e-08,3.511572424386255e-08,3.567368622725553e-12,1.3765409834221032e-07,0.24000066434997508
continuous,scso,ackley,5,20,50,50,0.022162102228087212,0.024095861474191245,0.0004223602607749122,0.07849452713299288,0.14047406055001374
continuous,scso,ackley,5,20,50,100,2.6489141264729454e-05,6.275028598054485e-05,1.2533235294043266e-07,0.0002522891963043783,0.2901365175500132
continuous,scso,ackley,5,20,50,200,3.4315394970008126e-11,1.1687299611565603e-10,3.9968028886505635e-15,5.387374990561966e-10,0.5864375215499991
continuous,scso,ackley,5,20,100,50,0.0025106936561175353,0.003934056539940033,3.969940977244235e-05,0.017290767221652903,0.2831187738000153
continuous,scso,ackley,5,20,100,100,1.5734953953128184e-07,2.1931663007572402e-07,3.027667005994772e-11,6.623949286854725e-07,0.5411034334499846
continuous,scso,ackley,5,20,100,200,8.79296635503124e-15,1.0674411887786745e-14,4.440892098500626e-16,4.6629367034256575e-14,1.02889886979998
continuous,bso,ackley,5,20,10,50,4.45956325096285,0.9045792870435618,2.195052527705464,6.121160280868981,0.03989554505001251
continuous,bso,ackley,5,20,10,100,3.9664001861771196,0.7984296861291638,2.195052527705464,5.119842252202183,0.08417771359999052
continuous,bso,ackley,5,20,10,200,3.60789858818971,0.6701690431811211,2.195052527705464,4.563472697272651,0.13904478880001533
continuous,bso,ackley,5,20,20,50,4.075131897290096,0.46440514726657056,3.048229664860156,4.963144779107779,0.07753389389999939
continuous,bso,ackley,5,20,20,100,3.7323234257520923,0.49050316707144725,2.999456643678798,4.519534395314491,0.13810311089998778
continuous,bso,ackley,5,20,20,200,3.5070458299791993,0.3643063331710246,2.999456643678798,4.279190605461739,0.2503698329000031
continuous,bso,ackley,5,20,50,50,3.3833421412718536,0.5813575217065264,1.7800500983920888,4.095771424439818,0.14176815155000214
continuous,bso,ackley,5,20,50,100,3.197328328431912,0.4856769385254664,1.7800500983920888,3.962549057846044,0.2844029591499975
continuous,bso,ackley,5,20,50,200,3.031341105601904,0.47905700408411794,1.7800500983920888,3.7372129214475476,0.5234482690000164
continuous,bso,ackley,5,20,100,50,3.2919158784070026,0.46962311915129396,1.9043678828534998,4.163599038678871,0.2333632565999892
continuous,bso,ackley,5,20,100,100,3.0527237921614567,0.4209976802884797,1.9043678828534998,3.837401038774726,0.4282042213499949
continuous,bso,ackley,5,20,100,200,2.8003652036326803,0.30981464009219195,1.9043678828534998,3.410217172018815,0.8432626602500932
continuous,pso,ackley,10,20,10,50,5.06558258417124,1.9469165904612133,2.1466759001545133,10.533375947512921,0.021610433899968483
continuous,pso,ackley,10,20,10,100,1.9807455808500385,1.1674773692586353,0.08602012001794934,3.9898109035040368,0.04213219879998178
continuous,pso,ackley,10,20,10,200,1.7091683887445517,1.176540640958158,0.00014777892794670677,3.8851754888034375,0.08427390434999324
continuous,pso,ackley,10,20,20,50,3.161299461200865,0.8256909564307019,1.347827987421653,5.180340563809555,0.042960623400017536
continuous,pso,ackley,10,20,20,100,0.3461498361692552,0.548841249088588,0.04377300942210782,1.9923882930523154,0.08315608200005045
continuous,pso,ackley,10,20,20,200,0.22254155136044612,0.536841878070095,4.5794254266429135e-05,1.6462251445395961,0.16662257135001254
continuous,pso,ackley,10,20,50,50,1.636817818043599,0.7800751923181011,0.4296820643487611,2.81518729903295,0.10296589894992395
continuous,pso,ackley,10,20,50,100,0.020764075947535952,0.011279265796635744,0.0036450916315193815,0.054710305774055445,0.20378076954996233
continuous,pso,ackley,10,20,50,200,1.3799573034045665e-05,8.488383506214953e-06,1.863098831211829e-06,3.192723778555617e-05,0.40446367960000773
continuous,pso,ackley,10,20,100,50,1.1098015604956368,0.5295401472095241,0.4999976442403704,2.6741635788861697,0.23012838725001075
continuous,pso,ackley,10,20,100,100,0.009888011853826217,0.00517721318340664,0.004772617906671162,0.026823619415996536,0.4554618038500166
continuous,pso,ackley,10,20,100,200,3.7213893699039603e-06,1.941430216322453e-06,1.703085818594019e-06,9.45461339485476e-06,0.8339492630000223
continuous,gwo,ackley,10,20,10,50,1.624600997284091,0.8790394666214791,0.10725711155158679,2.9503222725245704,0.03963571530005083
continuous,gwo,ackley,10,20,10,100,0.004891107895590619,0.002195909266975898,0.0010308891413264298,0.008543600546425001,0.07125419619994773
continuous,gwo,ackley,10,20,10,200,7.274687036762373e-07,9.68457422627624e-07,9.485045682211535e-08,4.259806325013216e-06,0.14065361774996746
continuous,gwo,ackley,10,20,20,50,0.03992787885982585,0.022188649097913668,0.016629250321611,0.11340461301975013,0.06309284379999554
continuous,gwo,ackley,10,20,20,100,4.644083399449883e-05,3.497666099442783e-05,9.547350704242064e-06,0.0001379165351740319,0.12375710150008672
continuous,gwo,ackley,10,20,20,200,9.841398806997859e-11,9.728282361884337e-11,6.31361629643834e-12,3.487206079455518e-10,0.23234825879999335
continuous,gwo,ackley,10,20,50,50,0.0029113661465387077,0.0024648623811508257,0.0004492301754877026,0.008503754581596912,0.1558800751000035
continuous,gwo,ackley,10,20,50,100,2.2892575204380706e-07,1.4052497128386115e-07,5.3462042348684236e-08,5.206298578919188e-07,0.3406603770499942
continuous,gwo,ackley,10,20,50,200,1.945110739143274e-14,7.96592563460005e-15,7.549516567451064e-15,3.952393967665557e-14,0.6732659004499965
continuous,gwo,ackley,10,20,100,50,0.00021007732858775442,0.00013724830098997507,1.5972335113634273e-05,0.0005356814405250709,0.3071783138500678
continuous,gwo,ackley,10,20,100,100,2.0010827661565144e-09,2.0581250119026334e-09,3.1134606004457055e-10,8.928175976308239e-09,0.6522783381499948
continuous,gwo,ackley,10,20,100,200,5.4178883601707636e-15,1.7404671430534636e-15,3.9968028886505635e-15,7.549516567451064e-15,1.2035375419500496
continuous,scso,ackley,10,20,10,50,6.358581866856797,3.490116899026887,1.9471183958826868,15.50385306698129,0.02291209814998183
continuous,scso,ackley,10,20,10,100,1.533914913134982,2.306649830186052,0.010453205895789797,10.145060794093228,0.04442566750005881
continuous,scso,ackley,10,20,10,200,0.9854018561872142,3.70427770895081,2.3296194872290954e-05,16.928885457525904,0.10097792975002448
continuous,scso,ackley,10,20,20,50,4.5347085830373395,5.635453540279681,0.18290451897644688,19.833288165098864,0.047767193749996294
continuous,scso,ackley,10,20,20,100,1.0606146183745366,2.8531978657275414,0.0031682783296074213,11.042750956152744,0.09434270194999499
continuous,scso,ackley,10,20,20,200,0.8505988876230625,3.701739401371169,3.3126710308195584e-07,16.986089794941787,0.1939553721500488
continuous,scso,ackley,10,20,50,50,2.9716991646778617,4.209752811878855,0.08356072756945965,19.54369433088463,0.12062374535009894
continuous,scso,ackley,10,20,50,100,1.9026139655772174,5.603957780734407,0.0002853745658311091,19.171212331873296,0.21825772349995987
continuous,scso,ackley,10,20,50,200,0.9560431483939926,4.167293065504642,3.5530374198344816e-09,19.1208524890463,0.46283804434997367
continuous,scso,ackley,10,20,100,50,1.0615559131474575,2.24440060831875,0.032816713196919256,10.309377202503523,0.23469511620000957
continuous,scso,ackley,10,20,100,100,0.2556549721359282,1.095834802094372,4.7818167353330665e-05,5.03209914340777,0.528996357449978
continuous,scso,ackley,10,20,100,200,0.2807716554122564,0.9380149719182354,1.839599583774998e-10,4.113004300772744,1.1832513275999872
continuous,bso,ackley,10,20,10,50,7.2360455340129635,0.7459808406929362,5.557029629430797,8.15567236595524,0.032358465900097146
continuous,bso,ackley,10,20,10,100,6.325855464236762,0.4965709260194508,5.2704487033478955,7.095892161009001,0.06417124889997013
continuous,bso,ackley,10,20,10,200,5.949819595657743,0.5494625389310678,4.859486995248005,6.812614941937095,0.13700624984994647
continuous,bso,ackley,10,20,20,50,6.238281245127174,0.5414594792303011,5.066174230140835,6.899589714518546,0.0664332227499699
continuous,bso,ackley,10,20,20,100,5.825120988794906,0.42524567437745125,5.066174230140835,6.550494690752394,0.13346062199998415
continuous,bso,ackley,10,20,20,200,5.566627498737437,0.41563365297237825,4.328683156782773,6.239253954704335,0.24075020869993297
continuous,bso,ackley,10,20,50,50,5.771653721992794,0.46661310514609905,4.764577537158182,6.645945459115769,0.1335844837999957
continuous,bso,ackley,10,20,50,100,5.195472350304845,0.4548453385870189,4.034535966166867,5.723917996308234,0.25977214585000186
continuous,bso,ackley,10,20,50,200,5.042488793623658,0.4088448958105907,4.034535966166867,5.694096708607923,0.5381383835500173
continuous,bso,ackley,10,20,100,50,5.362369170469333,0.5223038083983268,4.0388490318979,6.274869387565918,0.25299161530001585
continuous,bso,ackley,10,20,100,100,5.09121769688094,0.49463344255852815,4.0388490318979,5.733064422326578,0.5163030485500257
continuous,bso,ackley,10,20,100,200,4.840988539411993,0.43436277297228454,4.0388490318979,5.5192419141607765,1.0588566651500515
continuous,pso,eggholder,2,20,10,50,-854.0279847859869,101.65232850051382,-959.6406431373514,-557.3682916577335,0.013888996750029036
continuous,pso,eggholder,2,20,10,100,-859.0484177298006,105.07510485314091,-959.6406627208507,-557.3686873265978,0.027796452849975138
continuous,pso,eggholder,2,20,10,200,-864.473341199204,103.99983597123574,-959.640662720851,-557.3686873304632,0.06359316610007681
continuous,pso,eggholder,2,20,20,50,-881.1540590836257,59.358126271546546,-959.6406626104634,-718.1674217956146,0.030193035299976145
continuous,pso,eggholder,2,20,20,100,-882.6073342320224,60.87395571809164,-959.6406627208507,-718.1674596220453,0.05855175284996221
continuous,pso,eggholder,2,20,20,200,-882.6073356846284,60.87395609263036,-959.640662720851,-718.1674596221537,0.116168346700033
continuous,pso,eggholder,2,20,50,50,-907.5355985260788,77.46130220611505,-959.6406627208191,-715.9801095765777,0.07994910090005761
continuous,pso,eggholder,2,20,50,100,-916.6869703293639,78.8071803226945,-959.640662720851,-715.9801136093301,0.1490910251500054
continuous,pso,eggholder,2,20,50,200,-919.9405762376421,79.16970650319345,-959.640662720851,-715.980113609889,0.30268129874998523
continuous,pso,eggholder,2,20,100,50,-944.8292755959677,30.431001244798143,-959.6406627201934,-858.6011968953258,0.15363699174997691
continuous,pso,eggholder,2,20,100,100,-946.3468214623969,26.61002444046756,-959.640662720851,-888.9491245449101,0.3099472306000507
continuous,pso,eggholder,2,20,100,200,-949.5999096152743,23.923863446017112,-959.640662720851,-888.949125269892,0.5693912978500066
continuous,gwo,eggholder,2,20,10,50,-553.321529056371,179.16961856254045,-888.6564007641398,-216.5196623976078,0.03015724639999462
continuous,gwo,eggholder,2,20,10,100,-517.0518223671735,231.39473953672922,-894.5313682521121,-123.81687575042392,0.05949852145001842
continuous,gwo,eggholder,2,20,10,200,-555.8342182545817,236.44157087513378,-894.4689566137044,-122.87708681760591,0.10407772550001937
continuous,gwo,eggholder,2,20,20,50,-726.5902382065385,167.51781514730067,-957.1731769842056,-298.21766642557446,0.05093301460001385
continuous,gwo,eggholder,2,20,20,100,-722.1057285389895,118.6213478999242,-888.9437169688831,-512.389981632864,0.12093037029999323
continuous,gwo,eggholder,2,20,20,200,-718.4293533100989,116.72609921377354,-888.9452295431438,-512.3899879081835,0.24197692044997438
continuous,gwo,eggholder,2,20,50,50,-781.3349188851703,116.43046881479738,-959.6321670604177,-556.4538237354699,0.15596984124999835
continuous,gwo,eggholder,2,20,50,100,-821.8874057434143,114.58498098973159,-959.6406612757646,-633.8415626749836,0.2759878448500331
continuous,gwo,eggholder,2,20,50,200,-837.3382257053869,123.23404384179351,-959.6405897537834,-633.8422002322558,0.5378253881499632
continuous,gwo,eggholder,2,20,100,50,-884.6925866046856,93.66467527430046,-959.6405383483982,-633.842238176315,0.24391147380001713
continuous,gwo,eggholder,2,20,100,100,-859.5199024827219,111.4071850120181,-959.640662411926,-633.8422645340615,0.5052400180000177
continuous,gwo,eggholder,2,20,100,200,-857.2556376904665,101.65246992424011,-959.6406548838249,-633.842301065039,0.8912504967000359
continuous,scso,eggholder,2,20,10,50,-838.4534015202771,92.27154040802515,-959.640662720851,-658.2612130419808,0.014656811650002054
continuous,scso,eggholder,2,20,10,100,-854.7490454969087,97.33040420194227,-959.640662720851,-633.8423022399046,0.0284148183000525
continuous,scso,eggholder,2,20,10,200,-866.4504673593987,96.41529225487878,-959.640662720851,-565.9977716941311,0.05837210560005133
continuous,scso,eggholder,2,20,20,50,-900.9850357894786,46.885417313689445,-959.640662720851,-821.1964610663144,0.029484687100034535
continuous,scso,eggholder,2,20,20,100,-905.2180145568489,72.87027971261962,-959.640662720851,-718.1674596221408,0.05558629534998545
continuous,scso,eggholder,2,20,20,200,-925.3530345434516,34.34869678790432,-959.640662720851,-887.592849097299,0.1122365533500215
continuous,scso,eggholder,2,20,50,50,-927.3409459339352,73.15174017077535,-959.640662720851,-716.6715003419415,0.08206527404995541
continuous,scso,eggholder,2,20,50,100,-930.1008089952013,57.36033537676208,-959.640662720851,-716.6715003419416,0.1463960290999921
continuous,scso,eggholder,2,20,50,200,-950.4227266157635,20.87122780699297,-959.640662720851,-888.9491252698921,0.29370778600000447
continuous,scso,eggholder,2,20,100,50,-956.1060858483031,15.40686339561256,-959.640662720851,-888.949125269892,0.13950563919997877
continuous,scso,eggholder,2,20,100,100,-949.1822993041509,24.54331291397667,-959.640662720851,-888.949125269892,0.32940587949999556
continuous,scso,eggholder,2,20,100,200,-951.9193509298126,19.82966778502228,-959.640662720851,-894.5789003906001,0.5830759791000218
continuous,bso,eggholder,2,20,10,50,-823.145002094732,96.1343205042899,-957.0652997273847,-566.051260185372,0.020831266349955514
continuous,bso,eggholder,2,20,10,100,-861.4099734432539,73.77691170515016,-959.6272815210701,-717.3535066177342,0.04066799385004742
continuous,bso,eggholder,2,20,10,200,-901.5195716706806,50.207918369619804,-959.6392541884445,-796.7672913215911,0.08044464060001247
continuous,bso,eggholder,2,20,20,50,-781.2450920095794,104.20220905740686,-940.3001196108514,-542.8101132353793,0.03555979949996981
continuous,bso,eggholder,2,20,20,100,-840.1735954341557,79.85890884517569,-955.3937324172771,-674.5506012964725,0.07518634529994869
continuous,bso,eggholder,2,20,20,200,-907.0622783687556,53.86200084005112,-959.6361610717915,-722.4559429307897,0.1472801850499536
continuous,bso,eggholder,2,20,50,50,-825.2679456881287,77.20009042322128,-935.506996937664,-685.0386447012283,0.08305147559997295
continuous,bso,eggholder,2,20,50,100,-874.6415609619684,48.64722380618099,-939.264252667929,-760.328100893322,0.15880899300000237
continuous,bso,eggholder,2,20,50,200,-910.0997230895771,25.715208427546287,-952.6358885137831,-872.9100199664182,0.32238454985003956
continuous,bso,eggholder,2,20,100,50,-869.5101851085385,44.93338153974347,-935.506996937664,-760.328100893322,0.14518668024998077
continuous,bso,eggholder,2,20,100,100,-898.5218064185398,27.346947727042167,-942.3266755430385,-843.3056809773175,0.2982612250500324
continuous,bso,eggholder,2,20,100,200,-919.3672473053773,18.61679387586474,-949.2680408806779,-883.944727127349,0.64287988855001
continuous,pso,himmelblau,2,20,10,50,1.2129845914174642e-05,1.6016936858290372e-05,1.0678129185970118e-07,5.886471363776093e-05,0.012335830750021159
continuous,pso,himmelblau,2,20,10,100,4.709814853252829e-10,1.4971511244015194e-09,1.3710977672457625e-14,6.883404814959165e-09,0.02575475030000689
continuous,pso,himmelblau,2,20,10,200,1.4232912254036428e-19,3.1806378837334746e-19,2.3250886320484102e-23,1.196273914536841e-18,0.04984453824999946
continuous,pso,himmelblau,2,20,20,50,5.558271672013764e-06,1.019873934319917e-05,9.107706140786675e-09,4.523981792681812e-05,0.023444655799949032
continuous,pso,himmelblau,2,20,20,100,5.434989555597038e-11,1.114961236927671e-10,7.089269175529725e-14,5.285980778950815e-10,0.04899078185001145
continuous,pso,himmelblau,2,20,20,200,2.3647595963235393e-20,9.131716494217685e-20,6.56843455010465e-25,4.210958622067418e-19,0.08625229364997722
continuous,pso,himmelblau,2,20,50,50,7.216058138039927e-07,7.815738011912397e-07,2.5149816496968766e-08,2.6039544263183497e-06,0.061102438650050314
continuous,pso,himmelblau,2,20,50,100,9.741047517247203e-12,1.8166081999906167e-11,1.3341389087478168e-15,6.710426549812932e-11,0.1403525457999649
continuous,pso,himmelblau,2,20,50,200,1.5117595997311657e-22,5.241983354838144e-22,1.108704559242871e-25,2.4276409417910116e-21,0.2034888415000296
continuous,pso,himmelblau,2,20,100,50,2.2349639153442437e-07,3.3455898098690546e-07,3.621616557220217e-12,1.2164558733643275e-06,0.09915399410001555
continuous,pso,himmelblau,2,20,100,100,3.9509851142676416e-13,6.003792830234918e-13,1.180833291942148e-15,2.724841783145686e-12,0.22084107880002649
continuous,pso,himmelblau,2,20,100,200,5.710433773073362e-24,9.18157514406797e-24,1.7575820968324143e-27,3.5321291207481496e-23,0.45265944549992126
continuous,gwo,himmelblau,2,20,10,50,1.9621435897305477,4.5624331992859934,0.00014749912292776637,13.302931032392644,0.018991107799979545
continuous,gwo,himmelblau,2,20,10,100,1.9869784338594574,4.721631639050459,7.243692018759955e-07,13.298328969792749,0.03924776020003264
continuous,gwo,himmelblau,2,20,10,200,3.3213527707489923,5.748215650704415,3.216611458884535e-05,13.295064264803518,0.09610671760001424
continuous,gwo,himmelblau,2,20,20,50,0.0012379221789271873,0.0018183681395370617,3.511232350358038e-05,0.007879417278778625,0.03978753454998696
continuous,gwo,himmelblau,2,20,20,100,0.6657891969828903,2.900740984358323,1.4351158849948307e-05,13.30982592308498,0.07508925769993766
continuous,gwo,himmelblau,2,20,20,200,7.284910810585762e-05,9.975706236993493e-05,4.236977339097041e-07,0.0004779795955862794,0.1461078644499821
continuous,gwo,himmelblau,2,20,50,50,0.0005356186770806641,0.0005398919189770805,2.2964764046072937e-06,0.0021087714559228986,0.09139865264996842
continuous,gwo,himmelblau,2,20,50,100,9.327673723658483e-05,9.450091982663442e-05,6.728929737986032e-06,0.0004303991737543879,0.20519158804993368
continuous,gwo,himmelblau,2,20,50,200,3.514074782103871e-05,6.106647359613362e-05,2.226398133342077e-07,0.000291336547097937,0.3972646344000168
continuous,gwo,himmelblau,2,20,100,50,0.00015539829772043823,0.00015037270377982827,1.8828105749439624e-05,0.0006456798400482807,0.19656776589999936
continuous,gwo,himmelblau,2,20,100,100,4.111911817481321e-05,4.164195215998359e-05,1.5028543920797674e-06,0.00014766430702021566,0.39601287445002525
continuous,gwo,himmelblau,2,20,100,200,9.711881566369992e-06,9.959608538801619e-06,3.936103675308541e-08,4.200370408495745e-05,0.7541707187500151
continuous,scso,himmelblau,2,20,10,50,0.03798998975249514,0.09202101279408974,1.774034348543151e-13,0.4054150336135266,0.011311598850056725
continuous,scso,himmelblau,2,20,10,100,0.08637890443243809,0.21550374887827484,3.745478445533514e-09,0.7897928812798549,0.02232324275000792
continuous,scso,himmelblau,2,20,10,200,0.007242464897042092,0.027929250368864032,3.608242870059378e-21,0.12840528041016663,0.044258231900016654
continuous,scso,himmelblau,2,20,20,50,7.548262915234675e-09,3.287776172257645e-08,1.2577598272843812e-26,1.5085908761791214e-07,0.02190083290004168
continuous,scso,himmelblau,2,20,20,100,9.446328232030391e-06,4.111463751344519e-05,0.0,0.0001886607007698975,0.04172098624997034
continuous,scso,himmelblau,2,20,20,200,8.007509838550743e-11,3.32025740026109e-10,0.0,1.5255595774609253e-09,0.09808129479999934
continuous,scso,himmelblau,2,20,50,50,3.805523296587378e-19,1.6587891376813012e-18,0.0,7.611046549454507e-18,0.06978096844993616
continuous,scso,himmelblau,2,20,50,100,4.338734978715565e-31,3.9245334515973134e-31,0.0,7.888609052210118e-31,0.12048486720004803
continuous,scso,himmelblau,2,20,50,200,4.338734978715565e-31,3.9245334515973134e-31,0.0,7.888609052210118e-31,0.19774843075001627
continuous,scso,himmelblau,2,20,100,50,2.761013168273541e-31,3.7626267097779047e-31,0.0,7.888609052210118e-31,0.10411283455011926
continuous,scso,himmelblau,2,20,100,100,2.761013168273541e-31,3.7626267097779047e-31,0.0,7.888609052210118e-31,0.19383139429992297
continuous,scso,himmelblau,2,20,100,200,2.761013168273541e-31,3.7626267097779047e-31,0.0,7.888609052210118e-31,0.412370053749919
continuous,bso,himmelblau,2,20,10,50,0.09051825538912085,0.09558028595321895,0.010870871966899212,0.3621707405542297,0.01714726920004068
continuous,bso,himmelblau,2,20,10,100,0.03820458212188209,0.03375152344122896,0.0027653050848591887,0.12403952775469157,0.03914938469988556
continuous,bso,himmelblau,2,20,10,200,0.01311740488609638,0.011698712351780112,0.0001111920113248333,0.041951638024963094,0.07829580694988181
continuous,bso,himmelblau,2,20,20,50,0.04987270190077222,0.08640668082810554,0.0022362841002475453,0.34873097577874373,0.033648697600006015
continuous,bso,himmelblau,2,20,20,100,0.005859287343816667,0.006473180922975086,0.0004425938665804436,0.024075148874834303,0.06562448619995394
continuous,bso,himmelblau,2,20,20,200,0.0041494335751519566,0.004834928744011579,4.9554897302397126e-05,0.020778027727091974,0.12319541514993944
continuous,bso,himmelblau,2,20,50,50,0.04804056295258845,0.0871521974532576,0.0003179822663942649,0.40507068487718645,0.06393438259988216
continuous,bso,himmelblau,2,20,50,100,0.00961501247856755,0.025248074404488882,0.0001851841132803891,0.11282775560408395,0.13658023540008343
continuous,bso,himmelblau,2,20,50,200,0.006830513970802113,0.02434170289121216,0.00011044880533613957,0.11282775560408395,0.24884036350010774
continuous,bso,himmelblau,2,20,100,50,0.10685529030714713,0.1640969507144647,0.0005851024984912115,0.6342385172612257,0.10673756159999356
continuous,bso,himmelblau,2,20,100,100,0.027190834382062316,0.0938064417359928,5.81151709839344e-05,0.43445290241064005,0.21994668694997016
continuous,bso,himmelblau,2,20,100,200,0.0012280573308845219,0.0009753842822765252,5.81151709839344e-05,0.0035336728097059705,0.4542184245500039
